"GENOTYPE","Bernburg.2014.OPT","Blois.2014.OPT","Blois.2014.WD","Campagnola.2012.WD","Campagnola.2012.OPT","Campagnola.2013.WD","Campagnola.2013.OPT","Craiova.2012.WD","Craiova.2012.OPT","Debrecen.2012.WD","Debrecen.2012.OPT","Debrecen.2013.WD","Gaillac.2012.OPT","Gaillac.2013.WD","Gaillac.2013.OPT","Graneros.2013.WD","Graneros.2013.OPT","Karlsruhe.2012.WD","Karlsruhe.2012.OPT","Karlsruhe.2013.WD","Karlsruhe.2013.OPT","Martonvasar.2013.WD","Martonvasar.2013.OPT","Murony.2013.WD","Murony.2013.OPT","Nerac.2012.WD","Nerac.2012.OPT","Nerac.2013.WD","Nerac.2013.OPT"
"11430",92.53,93.24,93.39,13.14055011,32.83665272,27.77098004,56.16765889,6.38497455,30.29268623,52.8533457,56.61113596,62.94414497,117.1163624,69.9842909,104.2889881,60.6240874,93.02727174,100.1039985,101.6921278,107.1508779,86.66094066,79.48506487,91.93904946,52.62432964,54.94305426,52.21920913,105.6959407,28.87707058,65.11489617
"A3",68.89,87.35,101.18,14.97625966,27.45517588,26.2770645,34.32006577,8.21101216,22.05008092,46.39094467,65.96566278,63.69833653,113.1896638,71.11711469,101.9950704,56.74953218,103.538806,71.86929526,70.27740553,101.1097161,79.9873062,63.60599782,93.41818582,67.15516629,67.44205241,42.38994845,87.07242998,37.74088258,64.7487595
"A310",75.16,68.96,79.5,27.64418895,54.14802938,45.68548128,58.58112817,28.24467744,51.48530511,53.59083342,69.10851041,58.0955645,111.5036752,71.02631415,87.96404008,54.90507839,70.17508015,61.72540707,89.97311572,62.26092935,50.84650338,59.70269868,93.51762448,47.85029396,43.37370554,43.48472681,90.73747002,35.29775244,55.69633953
"A347",70.87,84.19,79.52,18.12478062,41.54911873,23.62022803,32.42820953,18.98919672,53.95401293,51.53844773,61.27174744,45.64855812,97.60317393,69.37068727,70.11671993,52.52328835,78.15782976,74.51119099,69.760729,61.52649194,70.25681759,71.33537027,84.50946734,47.1833267,53.22318995,41.37888877,55.62796208,41.04215776,45.09721715
"A374",100.97,89.85,79.73,28.57257337,58.84222399,49.46661926,64.35317227,28.77970002,60.51951036,60.47026734,62.43002991,55.5777066,111.7428952,75.12429152,95.21128235,72.477746,61.39741523,105.7870399,107.0883254,100.3027806,84.80999511,82.58010536,119.2550793,76.8259787,79.37279681,50.48225873,79.39639881,40.99262073,54.35795257
"A375",88.46,NA,NA,28.38816121,57.62800836,40.73191514,50.44163907,6.73370444,45.38554079,59.64189392,67.14646192,51.27101393,108.6226605,72.38039686,96.04673845,65.42902602,102.8424379,85.61138489,79.79773264,90.34033207,83.25890917,73.53976197,101.2146094,64.59439566,72.01060492,56.1760898,93.71907498,41.85523014,71.7527527
"A554",78.55,80.16,67.95,13.80483487,23.00044099,38.21206328,49.89159702,14.90151375,31.82585954,46.23267461,58.95767525,45.91731746,98.61330578,62.51415409,79.74804934,68.36200216,82.49350326,83.16715148,84.44087276,81.39815921,69.44728845,78.1726768,93.68283952,46.21698587,62.78531639,44.44781832,70.73566677,32.29491895,61.91055878
"AS5707",91.63,92.63,NA,14.51222986,37.37203601,36.73621505,61.27888092,14.27500147,46.01872628,50.2233522,52.67390801,81.79614191,115.7013147,94.33176819,131.94207,73.55452403,111.8834748,97.88565722,85.7034828,124.5673298,95.49789965,83.72308534,115.1274581,78.55279254,80.59018611,58.09210262,94.65907067,46.07978927,92.1084412
"B100",83.6,NA,NA,20.0668933,49.73144678,41.32634547,51.41746017,11.49448234,42.86523965,51.7882174,64.32522929,54.7127187,120.196766,83.59702307,107.2265234,70.5264947,100.1839081,95.37822695,87.55768744,102.2206124,86.10846327,79.14652909,123.5198712,80.25328391,73.36327766,47.43353574,84.76538693,38.90264273,81.32160347
"B104",96.47,96.48,87.46,13.23551552,40.75766145,34.7147299,48.95833807,17.13993532,42.42470434,62.07428706,64.42229855,67.11289115,114.0166721,84.33239918,110.5219387,65.96098927,106.098587,113.0344218,105.8288578,105.4394704,98.05154679,83.8776284,118.5951431,80.56445523,82.7833969,44.0055648,90.93589416,39.58750055,81.29180162
"B105",91.21,91.2,92.03,11.13801779,16.85392449,31.23914183,39.32129379,5.92845414,18.27005896,58.41060103,60.68477817,64.54027268,87.78571202,79.12769788,112.6943163,59.60786964,86.35651105,102.4509575,91.12446674,103.4801769,69.96602239,72.95242669,89.84787964,66.5647627,63.48553998,39.92315485,82.842489,44.02978442,77.27983144
"B106",86.8,95.94,86.42,11.54438431,25.88102572,32.29470243,42.75255216,19.18009722,36.56496292,49.51577592,68.04877376,57.59512267,119.6052677,73.27871469,97.6103395,50.54009501,80.49275844,111.5706417,80.28154245,94.80894393,79.31719463,70.42909458,89.73212787,61.39678787,73.61245815,44.67192102,97.58225758,39.75891962,87.22168364
"B107",NA,98.37,NA,12.41518977,40.04173526,49.24620768,66.91912232,17.15835862,48.8478317,57.86832141,65.06556842,69.48736035,123.3663361,81.1242041,102.9326506,78.50642444,113.1082284,111.1023064,92.13307382,111.3274431,82.01833974,104.5601824,117.9685741,67.25112761,74.83889961,60.4546212,103.1535894,52.48004355,83.13714937
"B108",82.24,91.14,80.82,17.29012857,37.79051625,28.12403762,41.13158728,11.93772537,44.94838243,50.07820318,52.26094434,58.91818125,104.5719633,88.07150483,88.71861328,71.84227735,87.86207494,98.72460703,78.22198277,104.332142,88.82239563,65.47203405,97.45474418,73.47555997,77.21297418,31.3917791,70.39206846,40.23881471,83.93312559
"B109",93.08,100.18,93.06,19.76123215,50.93360081,42.22442888,61.22483608,19.72272248,53.25402301,60.14133446,76.92124819,56.60571663,129.0393311,84.1580089,110.8408512,71.7051495,107.4729857,125.1360681,105.0157214,106.5614827,102.4903032,84.31648901,129.7813926,76.87240979,84.10955715,42.65539572,97.37812183,31.09561143,89.6356395
"B110",93.77,94.66,99,26.86159943,60.64765238,42.25042995,62.08892744,18.54369677,45.35075886,60.60974612,73.21023746,60.1770696,131.5259491,94.65580454,128.4721421,68.46292751,116.9101888,113.3219345,83.14186277,107.3139793,101.8971305,73.72762121,113.7264441,90.4402646,91.35266667,55.30588468,102.9591523,41.25414261,83.60267827
"B113",83.72,96.11,81.99,19.23558281,34.62256537,43.89794244,49.44116298,16.00327734,58.15612011,60.56356218,80.87875335,64.25008566,118.162307,81.93783769,108.593671,60.17461549,94.97501883,95.00033248,100.5391482,105.334857,91.33662574,83.41365119,113.2174269,60.32059274,67.40377115,36.12009299,84.45387515,35.58300921,74.3552168
"B37",82.05,86.16,81.47,17.90170983,49.84345641,31.06599072,47.05535162,7.3689722,30.21675893,49.96643848,64.48458511,65.63673318,98.36615262,85.83079253,112.2888495,59.89415228,104.0666413,113.6126409,106.5782831,105.3908982,73.6077022,67.44637567,84.63716155,68.3644048,83.74779557,39.88362857,93.14795934,39.42954181,93.26832476
"B73",102.2,93.9,94.11,21.41397939,46.52607317,38.69157839,56.56596339,12.34406877,38.87452582,58.83378453,70.34993015,70.52336946,115.699005,79.77948762,104.9301686,68.26844459,102.6384136,129.1311063,116.5826619,111.0648755,74.65247808,67.29475104,88.5934522,78.31034565,96.50613098,51.83222297,102.6038104,35.37269955,92.37155626
"B84",96.47,98.26,90.59,30.37411249,64.84513994,48.61816317,61.16399706,13.45403774,47.57050317,55.54441011,65.79243876,64.7454628,128.6488511,86.86966472,112.4155248,81.32294089,106.7727893,108.0117356,104.6780013,103.6379794,91.16283316,80.94907306,104.8297854,74.14391472,83.50391153,54.46737201,101.6595238,46.16546929,74.39763195
"B89",72.61,83.2,78.37,3.77433448,15.74010002,34.73620587,39.61993904,19.43906529,25.99313085,45.60110779,58.57766921,40.66839891,107.2825927,70.47909229,97.40948334,45.40949783,66.30640552,84.42294668,72.43824957,92.66966811,72.38791276,69.77861519,89.20250529,51.77381179,46.13567573,43.56440089,77.25077058,35.53501009,74.41687478
"B97",97.33,97.05,89.24,40.86296877,73.42247508,41.53714398,60.5455422,27.1224412,54.07167941,56.58526507,74.51470323,69.03385949,120.7166649,91.71345654,113.373959,77.56766326,117.1392381,115.5154979,107.7264784,119.347143,93.80614597,105.0055038,123.9706167,87.86832244,76.99466156,64.32199733,99.93677995,55.2729165,102.7080996
"B98",100.08,87.07,86.73,16.8262967,27.43621119,32.94967678,44.64381711,7.568326,47.71078032,50.63359694,61.89045017,60.71758008,112.9644587,85.31924841,120.0095374,50.04818839,91.16431795,109.2405147,113.1897422,124.761666,95.09600392,67.90974533,84.59002497,65.16710975,81.63308126,27.16979695,94.42250032,32.3814619,72.82515018
"C103",89.66,88.48,79.45,4.92643319,17.18279444,19.36544713,33.4797384,6.93479348,21.51997184,37.08135644,63.05138555,58.20859913,117.4879564,84.21607458,102.2562037,68.21082208,94.50457169,91.09114273,86.14710814,94.12797543,91.83173229,61.39953499,92.11333177,73.19326443,79.51640526,22.84873606,89.34378382,37.40631472,71.86248196
"CO109",78.59,NA,NA,16.44665963,32.4598024,38.10232375,41.91878786,0.87503187,25.36535025,52.22609878,54.56713301,39.36292408,96.93114188,70.44592814,95.58690947,51.77475275,104.7750422,86.00623036,66.97091313,56.04003762,44.1494035,56.95057347,73.61378032,42.81317081,54.01994694,38.18489402,81.61178758,34.31960964,69.32581305
"CR1HT",85.05,98.53,94.48,13.50595994,23.53316444,32.00570948,49.18818052,3.87247546,24.3696552,53.67817958,54.51910887,59.57020196,113.3565879,77.20064426,106.2591073,66.11888961,95.60482365,88.46878944,90.9888678,88.50318188,59.93968763,83.66485852,103.816314,62.91490295,69.24814113,42.60746748,87.74431379,37.2039752,81.96585417
"D09",80.54,87.02,71,27.06671812,47.88085762,31.66677242,54.05414075,12.54866164,48.5577566,52.4400691,62.46079954,46.02160687,100.6223953,61.87114522,93.96917381,67.60503059,96.92108329,86.53043268,95.36233729,82.44451617,54.04436793,69.55778514,98.84439837,52.1884436,62.63110491,35.67795455,79.2376731,23.74288353,67.24127581
"DE811",103.25,95.19,92.53,16.88994347,37.94884231,50.52720914,57.27353076,24.42631537,40.99040268,55.6974661,57.0689778,69.81635452,101.5976476,90.35154038,102.3854191,75.80582084,101.0151701,109.2511069,109.666709,115.2026776,107.7581523,83.68917747,117.9048485,81.19195444,91.34981082,48.94025298,83.70509831,45.26195652,81.58968375
"DK4676A",93.45,89.75,100.3,15.5129299,43.09708583,35.94853584,40.83167993,14.54587077,41.4802774,54.46947298,60.67606426,55.83557887,114.6726189,73.67144734,92.6839392,65.20824358,79.92860381,91.74301687,96.1927547,90.96759226,65.45801457,69.09731937,127.1405911,62.04331708,61.07330766,36.38028027,93.99648371,27.89560833,67.75232646
"DK78010",90.41,96.26,84.49,16.89003763,49.79486353,36.50627733,56.7380103,19.3282423,46.9831379,52.50863204,65.45413636,65.15662245,119.4930353,85.62841777,101.2043206,60.88891848,97.85468441,104.7586304,107.9233109,103.0599607,76.15867742,77.25541909,124.2403278,68.83263054,71.61036464,55.21960392,92.03330932,43.76662014,77.39875799
"DK78371A",95.68,104.26,89.61,6.02928758,9.45991948,31.11687472,53.98697203,5.3457051,25.52360187,57.06309633,57.35416565,69.03223718,126.6199451,77.92560246,120.6611103,70.80791573,107.2332954,123.1195329,111.1126858,120.8829386,87.47761445,75.62872005,78.10681871,72.30588559,76.64513437,52.02408626,108.8730902,36.02866719,86.59210734
"DKFAPW",91.18,89.56,84.31,24.16758458,51.95615919,38.04382102,55.82847441,9.55046364,42.64464442,55.35963806,63.66286455,64.79740212,106.7012005,76.92333767,103.7472801,65.54779605,97.97428762,101.5026028,104.8869336,93.31571581,71.56601196,80.46378979,95.83152073,52.56595946,68.10543093,41.38979073,95.1191003,36.3327191,81.17243572
"DKFBHJ",92.22,95.86,87.9,10.6835554,46.82588869,34.84313796,60.80675424,9.56275729,29.73619616,42.25946353,56.35970823,50.74649945,113.0862135,73.65376108,99.82693126,66.10753827,99.72715642,103.336762,86.87041152,85.28739152,78.35219836,75.80030862,93.7730448,65.49925342,73.81519264,36.14717124,74.7163278,27.12889966,69.47139285
"DKIBO2",NA,97.09,94.35,6.44625561,24.49534868,26.17980156,45.47410678,9.77613946,22.87162552,49.27991349,54.17277342,59.99381857,107.723858,66.32881014,93.10996321,60.07594026,75.04840781,110.8158805,81.46759592,92.69809175,75.99063085,66.52581954,93.57637486,49.76354885,66.02544431,51.19471211,87.34888196,36.87616314,68.38411218
"DKMBST",95.93,104.37,93.39,10.27185483,36.47737162,37.86554117,56.39114866,12.00636931,40.25165313,66.39289452,68.42524839,71.57402844,135.3476749,82.42571978,116.8138533,79.66653995,99.65508522,123.2646089,114.5979483,114.5230084,80.08796751,66.95128167,92.02463439,70.67048899,76.58514825,54.95498909,114.8263906,51.71448649,86.4199719
"EA1027",79.38,90.01,62.67,12.92440993,30.66481579,27.27917382,46.39151351,11.07476048,31.56524374,46.65721029,64.04055617,55.88639049,112.2167181,73.12535807,112.0902822,58.22935567,72.37600807,82.37384585,59.49178378,77.94819827,52.02589225,57.9840544,65.17987022,42.91689939,33.82102761,33.38191557,74.77423199,32.11382334,61.76742264
"EA1163",65.69,74.81,NA,7.1164619,22.44097433,23.28512126,37.01554417,1.97329555,23.37016653,42.96890401,59.43910217,39.14506199,81.07059073,57.62943003,77.60136032,49.26176455,70.64518871,67.41266299,53.81616184,81.53108326,55.08905696,48.61444492,75.75398325,44.74937054,55.25842075,38.90995022,66.45495527,19.49641701,56.33333004
"EA3076",79.63,66.67,54.54,20.79466243,39.69187294,33.01750486,50.79037063,20.69384418,42.46861578,42.79114513,57.74012625,55.32157353,98.65506235,64.1803199,86.22764967,66.02539943,117.5003507,96.79800503,86.41007024,95.20753216,71.22441667,64.40983701,73.90597407,64.41671498,68.42341637,27.06351341,67.29162955,33.48265355,67.6341003
"EC136",78.53,94.72,90.65,14.43153598,52.56613617,27.19146053,42.59697291,10.28958766,24.89902637,47.44711272,56.51083249,38.78925351,106.3882016,70.64205751,91.48022294,51.26238509,95.08054719,90.9727082,81.11155495,91.00104178,56.22564591,61.62921218,113.3925464,53.05259879,75.61479829,29.98975342,76.80757669,14.89815535,74.61108304
"EC140",99.97,91.98,84,15.87744862,39.2618792,33.62575494,51.63175549,12.69401828,38.12076616,57.27618647,67.34162048,60.85388529,104.2299623,72.20286964,105.8047106,66.27121432,97.4205111,90.07060629,100.4148347,97.82313204,81.69428639,77.89742174,106.5406874,74.88634653,83.05063002,47.44033646,82.67510758,36.09041621,78.20598381
"EC151",81.61,90.39,90.7,36.45746671,53.62687627,28.82002028,46.44573093,21.72987871,48.0314855,54.2700416,85.81447527,57.0322458,100.6062484,80.41924917,110.9973796,75.85536624,111.0319548,71.91801723,92.2245674,81.44711369,63.15752028,71.71691754,114.8655857,51.93945567,47.95461359,49.42416787,87.00852363,52.07677028,67.14753744
"EC169",82.7,80.66,74.27,14.81762643,33.38368132,27.51259027,48.00146812,9.11706327,38.89654643,48.42853804,62.86219727,47.09281871,110.5022434,59.80292702,83.16760343,60.43895203,82.95675878,92.23887237,104.5643566,87.48653423,56.48222955,65.73541687,100.3522087,53.28296309,55.40919009,52.77601643,94.87500785,30.44594704,60.17982412
"EC175",81.65,85.09,79,6.60451718,20.24682134,28.66152198,50.60683925,1.97329555,25.81778739,33.48525982,57.56249974,57.16217309,84.3520169,63.64084967,75.20192483,67.15577502,82.38167274,91.86284442,99.51806463,96.07164076,70.25884172,78.02204363,102.1998383,52.65679154,55.72218991,31.38259653,78.11664463,26.66460236,72.08390819
"EC232",81.96,92.06,69.39,10.1588779,43.22133458,37.50822838,48.37350005,22.22743313,27.48295078,46.46545153,51.39362892,52.5200276,108.5610659,74.41159763,103.185176,70.93872533,94.10352546,90.68136969,90.33730663,88.68285345,73.50978135,61.15747197,92.94460631,57.28292418,38.3702258,51.52620709,84.43020058,41.5963581,78.13598758
"EC242C",95.03,93.55,93.91,19.84709538,53.33130621,34.78085041,71.9883146,15.50270359,40.78555885,55.34867073,68.44556936,59.33802074,109.7674376,73.57236819,92.07664043,78.33021751,81.93805854,108.9292804,102.5732373,96.25270418,78.92721569,80.88596437,126.4986372,56.86201329,61.96068984,60.22600358,97.60569898,44.7781388,74.00944626
"EC334",80.77,87.41,83.9,14.09586368,36.37102314,34.23738979,54.411246,7.10177344,40.57701569,46.33941503,60.67185721,68.3737767,97.94708201,73.76732843,74.36004881,59.26122112,79.27942933,96.14579291,106.5668033,102.6885168,89.24561821,85.32165041,136.8578618,71.66888819,69.92988434,42.82590488,83.07248357,34.345288,97.36795307
"EP10",81.97,73.83,68.49,22.69730386,34.38009679,36.81591021,45.85205644,5.65514626,22.53861127,38.72335486,44.37273027,47.91207215,94.19770561,54.54917878,83.95480511,44.28951989,83.16970045,82.42909342,82.62792152,66.30874607,40.51070293,37.61962669,67.40961102,45.39073478,54.98677186,33.08071113,64.26026893,24.48050064,57.92105006
"EP2008-18",NA,97.19,87.02,22.6161295,42.32789865,50.86495447,57.72857459,4.58996881,37.76966301,49.17339887,69.19965565,52.36044069,115.6189928,78.88270092,113.470917,60.77720959,80.79563804,102.8089076,94.61686933,86.03502217,70.11150038,72.42407058,112.5127722,72.74159234,81.78536016,44.11925236,84.09909797,39.99143246,75.59786147
"EP2008-22",NA,93.82,96.63,15.43379249,26.24467641,41.59666997,53.09057688,17.16627922,23.23151601,49.59156117,67.36733835,59.40156772,106.9618925,85.45353531,99.92791291,49.47403056,75.18857986,74.16572758,83.57330458,87.88906357,69.96602239,76.94984567,94.6459151,55.89598611,61.2791308,51.35727323,81.37676231,36.88892423,71.97156624
"EP29",86.39,81.35,89.86,30.52749757,58.42266787,45.05792251,50.7990159,26.79420595,47.1000793,53.10101841,70.21764352,51.24175767,111.3902429,71.53106386,104.090122,60.89147162,93.54366887,103.7594262,111.4201655,98.21342318,81.85816745,73.66872694,104.0887891,75.57436477,80.3098121,36.24562737,80.28364366,30.68358724,65.86209956
"EP51",87.75,90.69,80.86,12.43818454,19.59867267,19.62547341,38.27727131,7.78978492,24.27526191,44.35197945,55.75476719,54.63438048,95.18578379,71.7566235,88.6019372,49.78447691,65.79698784,96.83919669,77.78234616,83.64493747,72.3367537,51.9170731,71.54708459,53.36888596,62.84616969,38.79072233,77.06374081,36.32448331,71.46994068
"EP52",92.05,91.37,95.98,23.14732685,54.86129444,39.81548817,44.57785977,24.91387248,57.18693227,59.7413059,69.84565587,65.34986577,114.2322088,81.99504556,108.561846,77.81239842,121.0976943,118.8002761,84.03247935,93.60530614,70.870145,71.97517376,134.5822031,65.39337033,79.39357139,44.70641589,89.72195803,36.38007973,75.5506624
"EP55",71,83.76,50.28,21.6396286,42.65954281,36.175628,48.88063383,13.75283569,40.88521297,37.54107523,58.65207468,53.3163771,92.50375368,69.77471593,86.65427894,63.75897949,91.45702834,73.0745577,81.33966328,72.76373524,62.23031653,61.90745904,85.55063873,51.40831277,59.10205563,38.11836075,69.61859868,40.36930512,48.01724008
"EP67",NA,84.12,74.72,11.48235329,28.16562962,35.17354257,46.05909679,11.6112405,42.71935786,56.82463812,52.30073696,47.89318222,98.97218134,68.02016585,89.99925194,60.10915259,74.93941992,83.38081861,80.04697231,74.16526077,61.67429037,63.57507183,97.8392576,47.02298472,58.37890507,37.5181067,76.67458603,34.64646825,43.90269549
"EP72",66.89,86.72,76.02,15.99460442,25.73166757,26.98631244,47.18256202,7.03510478,37.40510945,30.20909213,42.87135563,50.04743677,105.4154788,55.73061357,83.22183413,48.64125485,96.57926673,75.91429416,81.48046998,80.13925193,44.14352054,45.41003206,79.65122134,34.21446388,33.20675708,36.15573844,79.39068541,28.39009369,59.9155484
"EP77",69.74,88.94,75.6,12.33837635,26.6860105,25.51810973,58.29449927,4.14355959,38.82232551,39.18635508,54.09553581,33.71661785,102.9416915,55.38826061,82.36922993,38.94369585,95.94223298,90.01519618,71.8485351,76.1132865,52.65773661,46.04642465,73.16530772,43.58478925,69.16060125,29.64541302,79.96634235,17.00855008,65.41811967
"EZ11A",99.28,93.51,91.03,25.85620188,60.83299381,42.62327393,52.83436391,27.58520896,52.04682762,60.69700734,72.56529165,63.54329346,108.5852073,87.51768685,115.3078977,62.99618503,97.91422416,114.4790695,98.83956296,103.4801769,84.59404003,79.12943069,116.0569357,84.04278688,92.33246925,41.64948352,82.06476111,42.32468351,79.40485901
"EZ18",92.16,88.69,81.43,23.86758335,49.7540023,44.14859573,63.215646,21.03745024,57.30143855,58.67388808,58.1146769,62.03464798,120.5525984,71.30098991,107.4283806,68.14360512,117.9897008,112.2589656,94.19379531,90.28005063,77.59852555,75.19774675,83.81370437,70.95840906,81.96822287,34.15205749,85.61236347,32.82566359,72.15932629
"EZ31",88.25,95.78,87.95,7.01262044,24.78322054,30.16040527,44.48397573,6.90334262,33.34415379,47.47731065,63.89497018,61.39921589,114.1174883,76.11116538,101.5258016,70.59515806,108.8065747,108.4883445,106.5533624,89.62882315,88.81010109,71.23290064,100.832076,74.66122663,77.80589981,42.15155027,85.29283375,26.31613603,76.14855763
"EZ34",NA,90.93,85.51,NA,NA,NA,NA,NA,NA,NA,NA,NA,NA,NA,NA,NA,NA,NA,NA,NA,NA,NA,NA,NA,NA,NA,NA,NA,NA
"EZ35",75.27,94.14,84.55,17.63352616,36.57944554,39.47640072,52.75376734,9.44944069,36.90675875,51.51132889,69.95262355,55.31659523,116.9040563,83.821857,88.46193267,73.82371337,101.9781024,90.36734719,98.15336942,102.6157605,79.22245936,79.5134989,101.7644001,79.00557525,88.38315637,32.92709989,71.71359277,41.59559337,79.2451163
"EZ36",96.65,95.74,77.73,32.1556282,56.02748759,49.30346603,58.61706251,30.27556399,54.69538909,55.18727382,64.48079787,52.12702474,117.5818685,77.50711331,113.3120099,70.08099088,100.9734152,100.1238051,89.57619734,110.094418,86.51779296,73.0209876,108.8276775,62.2206251,80.49398362,50.33098866,82.75219684,55.07988995,83.30157273
"EZ37",88.13,101.4,95.43,16.55047679,54.94585311,42.69877568,63.02591181,10.46270928,46.50198347,50.96467166,60.97188161,59.03871911,118.9402879,73.5445962,107.573429,54.94519875,79.31302208,112.0912224,109.1437663,86.78472405,74.56033727,72.04654118,111.1588244,66.560325,74.32483319,52.0747058,85.47108983,42.53923002,77.43360888
"EZ38",89.91,98.14,85.47,31.54217042,47.00613976,39.37087322,53.99533769,8.79875362,42.45136442,52.57488705,56.24038498,65.61929507,124.8278127,84.38790869,117.0948591,71.98090381,112.9116374,103.4484335,97.44250715,109.4513246,86.25356955,76.15214749,81.58824617,69.66788529,70.0800649,55.81790186,72.46940135,40.8224944,88.11199126
"EZ40",NA,93.26,95.58,29.74295859,55.78340982,44.51905167,52.33077855,13.28582857,45.27761084,52.32160499,70.21879443,69.11857596,107.8265812,88.86736543,118.1686594,64.27396838,103.7325971,103.8210117,95.91667897,99.50739176,80.40305367,105.8390242,134.6294761,67.29172779,64.52729082,51.55689865,93.52828649,60.94065058,98.9976071
"EZ42",94.71,97.99,88.21,26.76013082,46.56686848,37.54073839,48.82888806,14.99157562,52.03106603,56.44229347,68.58451151,74.48073664,120.39301,81.27366231,108.0894379,72.51197542,109.6158951,118.5008532,95.10803208,109.9954775,92.48819222,78.74082967,128.512655,65.1303253,62.5406331,50.59279962,94.47640698,50.72464216,74.67365698
"EZ47",81.66,95.69,89.12,9.24170318,23.28299359,31.99403687,63.74464198,4.5008706,32.98090479,39.8296522,39.83116856,57.49418391,98.04412142,73.58670463,107.1105691,68.02273548,92.47509646,96.54189622,94.73616295,86.49697662,75.10867551,77.37514749,118.8863602,72.94782475,77.09322152,30.03080129,70.81553508,46.07843849,75.51613442
"EZ48",80.88,93.51,NA,21.43174164,52.84005074,38.4266267,57.73823042,12.0837377,47.39825227,52.82823548,70.87842231,58.79686854,131.0766572,84.32205843,110.3921991,67.15738635,93.33627341,125.804968,113.6738358,97.47174738,78.623495,78.93979421,120.6997397,80.45893926,79.25854534,42.56990118,92.23983104,38.94222575,82.15280674
"F04401",93.94,97.49,89.64,29.23597727,59.05163174,44.70168348,56.07388607,14.79075597,44.38584573,58.38349783,72.53063827,55.88627405,107.0506127,77.23951468,103.0608637,80.01126845,119.4933738,90.23847919,103.6151055,91.44885514,75.98169304,89.68469576,117.5027256,74.81954927,87.31528553,59.18797159,88.79147822,45.18259114,71.78584131
"F04402",92.75,95.76,87.56,23.95294769,50.24910974,23.33552792,46.83051881,7.48352679,51.93617941,54.573765,54.2211396,64.38390412,110.1539264,76.92132802,103.7793813,83.26506797,106.5707499,100.8610992,105.7374847,96.94669803,81.85816745,94.05599836,119.9015517,81.40314407,89.78524719,56.96210047,84.8074495,43.39009821,71.55868918
"F04701",NA,102.88,87.02,6.58437883,30.80632389,28.64975501,62.57167446,11.95989436,33.00836252,61.0521489,71.91541189,66.11928748,128.5929759,84.18417997,108.3627328,69.82957719,97.23559582,115.3659057,99.47743662,109.5318002,82.81463516,74.80365175,89.98958325,81.81848395,75.19251513,46.49000033,97.80513268,38.15247948,82.93507369
"F04702",100.87,101.83,83.06,5.39504803,24.23431965,34.22402594,53.4743404,6.9870995,26.03208748,47.97830705,56.66142969,67.68877926,125.988644,77.66072214,104.6448294,69.78429319,99.47796984,117.1789373,92.40231269,108.8125356,71.6246831,87.83428275,100.0225215,58.51684584,52.94738835,41.802236,104.5117268,34.06485598,71.88491103
"F05101",99.97,95.23,95.9,16.28871723,60.83573165,39.12598627,54.88332111,9.17669914,27.80535699,57.26570639,61.25304321,58.95238811,117.8871627,76.48412026,101.585145,71.34010306,114.7257658,115.9701347,110.5104607,113.2387105,95.52318878,75.48547772,118.9343375,84.37293072,86.17553013,57.05259289,96.22913582,42.18876519,78.41864161
"F05404",104.37,104.93,100.74,16.09478311,49.63704317,37.94984117,48.60648392,12.96823133,49.5024425,71.49434785,74.87082425,57.79346852,121.7390315,81.21762624,117.5502233,74.44965118,108.2339528,114.7485718,104.6877414,112.4664854,105.8716307,106.7301827,140.8761446,77.8323976,87.05411728,63.74471655,92.79902942,49.62177084,91.56216818
"F1808",86.9,98.23,97.3,16.66581637,47.20400228,31.61896944,54.38811464,9.64712325,48.19024589,57.17503756,74.1925221,69.90793302,116.4024819,80.57435936,104.5914488,65.52507781,101.7703602,109.7846452,97.00302506,104.6178112,74.01281788,92.7227762,118.7299281,66.63133739,76.81532286,50.78827166,99.2130485,43.66013701,75.05253611
"F1890",98.73,97.88,89.96,22.64296979,54.37850987,43.54337563,53.16276477,16.36559694,46.07151636,63.73155848,64.55045017,72.33807718,118.1655177,86.22541002,112.8237688,78.9093155,101.8344442,102.6233752,101.9381034,100.6417589,77.26884097,114.899122,125.0234068,76.30665475,82.38579019,63.65197124,101.7769582,48.27541986,81.44887667
"F218",75.86,82.95,83.54,13.29537443,24.05605235,33.87855934,55.63389245,18.94695217,44.35446745,54.4857935,57.98089289,47.3923492,98.97343576,65.69666892,81.72974742,65.92113897,80.07743163,86.40599654,101.7226171,68.71297098,56.59389256,61.3121721,95.9686878,43.81905729,42.96556507,52.56684485,79.44559786,35.47386849,63.82877901
"F252",58.82,79.32,67.39,11.08822951,26.19601223,28.26046468,45.33506235,9.12732305,22.81137333,31.53095873,52.5376864,36.23016886,77.47393048,59.1875523,72.3666755,60.50253356,74.47092179,68.71952786,57.89483402,59.83161526,47.71713959,49.14064977,69.36319914,40.98694712,43.72567533,38.81779856,64.46289206,24.51768735,48.21364776
"F353",91.56,122,82.79,28.73877364,49.88931423,33.87570155,44.24332004,20.892894,36.72621942,43.86503773,55.93959418,45.38378431,103.5050324,66.57537542,90.33183482,70.11252555,99.40304617,94.12468002,103.1902359,89.79940223,66.39528309,76.61244598,109.8197731,59.57946548,66.85875294,46.43397161,85.67374451,39.5252817,69.30684705
"F354",71.71,76.6,78.37,20.53555877,38.87374122,35.41395434,54.1399732,13.81824412,46.83910567,53.16825306,67.13034029,43.02055029,101.09621,77.80174212,85.41505036,66.97884266,97.54602785,72.76230744,65.02598323,78.72751857,71.69104886,82.36809718,90.53947044,53.35172451,61.24178677,50.68611534,81.42256658,49.67014563,72.08297741
"F608",66.95,82.59,77.76,9.14062513,24.39126526,27.81443374,56.36216601,17.78477034,50.53646585,41.126421,47.92719942,49.12492907,99.95612955,70.53988968,82.11683579,71.45528646,83.95705908,100.2962867,92.2449383,105.1249738,85.59981302,70.85068164,92.81573763,73.98152214,75.38152482,47.21717595,87.09723558,24.39425532,69.73655523
"F618",87.06,94.82,90.24,24.58331828,57.65432419,37.37888294,54.51254161,12.17145946,48.1718461,55.43389401,69.78234813,62.59937362,117.2647975,83.81959279,103.0703744,75.79098218,100.1597084,113.3526357,113.2697252,93.91233642,83.03706217,82.08253023,115.6827619,67.62194082,76.08251692,48.53362519,98.39479121,41.81226498,77.98793267
"F7001",89.97,82.19,75.73,14.79786279,55.49491302,41.35922395,56.67393584,15.02806195,45.23026374,48.84148387,62.00365527,42.83509937,99.63127327,74.16443457,104.6513409,59.61031642,105.9133524,99.8229933,103.5611765,99.36247338,61.91507328,70.26381158,97.0152116,59.76093659,61.39888463,42.42252793,83.21521651,42.70683282,68.84232797
"F7019",86.86,93.12,86.89,20.22211131,44.09055155,30.92087148,54.54489328,14.91686946,51.37719731,44.1203866,58.74698471,52.69516792,109.8916991,76.73637022,100.0219673,78.41719015,96.12598823,107.6883428,94.62314198,83.02388992,52.95120042,56.28201668,89.93936569,57.72511795,72.83563962,50.8966814,91.43326267,37.41401346,73.65774401
"F7025",87.45,96.37,83.36,15.80333919,38.0219172,24.98338669,46.35034615,19.43906529,32.01744547,52.5596201,61.52935194,48.48383022,101.7399807,67.34032885,101.5643059,63.63462755,103.1684701,92.23658888,97.96657777,83.17644157,76.43240691,83.36070686,100.2524031,70.46128523,63.79010044,30.93023383,81.31992544,24.99017688,66.8472738
"F7028",80.81,85.16,93.25,33.03957716,59.81602045,40.51197314,62.91103788,17.27686399,45.48742242,52.26110599,56.77925924,49.79734763,102.2856492,76.33437693,91.34785924,62.99178513,94.77333428,90.26850032,97.05846966,86.39334388,64.78597106,79.56191833,102.8517595,66.55575605,73.30946011,33.52943037,81.61678948,23.90486512,83.67001763
"F7057",74.37,86.51,87.38,16.78593685,40.77279919,35.1102497,54.26791909,11.2317934,38.40352424,42.33183207,59.29462767,56.41634868,103.1857257,68.76665741,89.61062197,66.77156331,104.2791448,85.46063007,88.21924054,86.70109958,81.38205934,78.68701732,107.4431403,62.23537206,79.05769171,41.83716748,83.09103545,34.07860863,71.82696201
"F7058",83.99,90.23,80.79,24.48548363,44.70445482,25.69544241,45.49364709,17.06578403,39.05083253,47.07160666,58.54755984,64.75741668,106.439949,63.2069418,82.31485651,60.25076323,107.1908256,85.61463322,92.73624076,80.63142508,74.03595797,74.93000696,98.85812343,59.31753861,55.17719889,37.11659533,74.65163236,22.72192061,72.2754075
"F7081",83.49,93.07,79.54,29.20741267,55.68867846,33.6823059,50.35566335,20.81829782,43.12616301,58.40317818,61.19478307,55.1476506,129.4592533,75.39876763,97.7699117,68.57151103,108.7252809,103.1239228,91.90059778,82.65419592,53.65839979,55.60792544,111.9469109,64.38132867,64.26921511,43.73031469,96.96446281,35.82479101,68.44279563
"F7082",NA,96.17,90.56,25.1546353,57.22154176,30.94917037,49.02912676,11.72607433,45.3470324,53.08478653,62.67939266,57.58760573,92.92288241,66.42886468,98.18110712,71.78183343,104.3829675,90.41512698,88.67574748,84.87899025,49.84702593,70.82946959,125.3889241,50.06613227,67.73978406,38.92500138,82.09162269,40.23569257,70.32982922
"F712",96.74,93.33,78.49,32.82462631,59.00697783,37.04438236,42.69650155,22.14126609,37.48766301,53.65527406,58.56716277,42.85390005,112.3892488,75.17356373,97.80192555,75.64135607,92.91710026,109.1858685,95.31803539,104.2200522,77.85252096,71.65395317,86.48041031,66.07630877,71.10822798,43.22582556,90.80726588,43.10437836,68.16070848
"F748",101.56,89.73,78.67,16.67352237,39.80660241,29.8184849,50.53959934,9.93354074,39.17112961,46.78669726,58.8729383,52.28757864,119.6303577,76.34878513,105.3057111,75.21584823,103.193608,101.6314564,83.15827519,98.01309334,87.88471047,72.65605884,109.7538768,73.75231817,84.67465041,42.13910866,92.80585065,39.21466098,83.00840837
"F752",87.71,93.13,89.72,10.93783416,30.44852429,30.8294598,44.13933314,15.81164195,47.6717497,46.87804954,65.03411102,50.21997498,115.1405364,89.6297715,126.0535144,67.27219869,98.10420592,108.1792482,89.5710405,102.0328414,83.84632475,84.39648333,107.6941968,78.56853347,80.24078751,41.55862136,95.61374203,43.2795358,96.04062683
"F838",100.56,92.68,89.09,26.53364847,54.0310627,44.08266005,54.37616419,23.03557958,50.31822522,54.37566993,58.52311546,60.56730387,105.7572198,85.9994071,106.6195432,71.87085471,107.3295961,97.70440066,97.75197689,95.28322349,82.87333312,74.1682836,107.5119236,70.91382494,84.21092616,44.22450682,82.42190621,36.65809356,85.20860128
"F874",73.28,81.77,71.15,11.23788339,27.18571303,32.96686956,48.64372862,9.80283336,30.03733851,45.78539707,42.64686862,51.65163936,81.81944041,57.51708759,66.1414313,58.60561052,88.73483336,87.23091463,82.82705561,79.39677487,69.89589853,60.52857528,82.08825396,55.27137232,61.06854185,48.01625101,67.97080495,31.04758564,52.33003745
"F888",65.64,79.95,79.37,5.33288603,22.24706635,26.23497036,45.64717279,4.80018605,27.73060397,45.70294946,58.13938688,42.79966816,80.66443514,66.23264048,87.68295707,60.80652806,83.93166044,102.9902017,96.51362561,90.85049773,75.48312483,80.06402301,96.5543453,71.35313715,72.8204474,31.10593417,73.22455871,28.90362309,82.83793505
"F894",96.36,93.5,87.65,17.32129459,55.55915812,47.67842803,55.39974592,15.48592323,41.13607253,50.4500843,63.0659142,63.16099168,111.6457778,73.03301211,103.5652885,72.09251148,106.238281,111.9904368,108.0435083,98.6372439,87.10210032,73.99146635,104.4798536,85.55258111,85.51796784,42.85458694,90.45558672,40.28940232,73.01959243
"F908",74.32,87.73,75.5,12.94774523,32.6822742,28.37026396,47.44246282,2.98340801,22.14189724,52.07293535,52.76925886,49.83155406,101.719253,61.18620094,81.93641084,59.17104478,94.10942496,88.37453812,82.63460457,82.16347605,55.39516262,64.97864927,105.2474593,66.66317182,71.81286291,32.11761144,70.32782033,16.15899882,68.35612914
"F912",95.52,97.23,105.26,14.85176972,25.59967744,33.06269259,57.15387633,18.20186893,36.21238785,49.16170183,67.017126,69.86109044,110.2897016,72.73630264,93.68782207,76.52858723,93.0046852,107.5273061,103.114648,100.0929053,80.29793364,89.81454071,104.1086238,68.38073747,80.70667469,47.98995839,92.37245677,42.79729358,85.26819768
"F918",81.9,91.46,87.51,33.807878,61.12595526,35.47707733,51.63611789,19.01764977,41.83320442,49.17995145,68.15052136,65.05893177,116.9125909,88.68137622,110.6178477,72.612583,112.8088104,113.0853793,109.3486349,88.63401838,86.85005077,71.45219175,112.1331594,68.98956224,73.95615657,47.93290946,84.90334952,37.30926067,83.61344541
"F922",89.73,94.64,94.99,24.32415979,47.08492717,44.15970817,61.36615433,18.73871596,49.30324061,53.65197375,61.00975815,63.19170018,108.7793728,79.52961727,104.6034837,74.90788153,111.9857321,98.42459676,109.7158486,85.80235486,62.71798804,81.31745384,118.6079509,63.017993,67.90456103,46.4188757,85.78776191,42.01131244,78.45184777
"F924",95.72,96.95,73.3,24.7248271,59.75990418,47.34933149,57.72816339,24.03874588,48.80529191,59.48689265,72.78809292,62.33305961,130.775854,78.15401323,115.3077599,80.1540513,119.6271871,100.8337077,89.00162821,109.8693692,87.54866666,89.74110408,127.2256882,73.60610587,87.93356368,53.9661766,114.4714816,41.12520195,95.6644474
"F98902",98.73,109.4,101.23,9.57370805,25.69056731,36.60570865,52.74387304,10.845974,35.82107362,57.26816906,67.37933233,59.86153537,117.8026376,74.12499316,114.1789479,70.99698435,103.5011322,114.9958426,103.6879782,95.5472208,80.00697374,91.07488829,128.7458628,67.09772711,75.61982613,65.99266892,94.27686331,38.12811599,84.32079786
"FP1",79.88,81.63,79.62,20.25111515,36.00556629,30.03182381,47.29900322,19.27209455,43.84545542,43.83675771,59.87713486,53.99191475,109.493982,61.4785767,89.62017403,53.55826397,92.19490227,86.57274663,97.91003095,83.82808841,76.19625243,61.94176685,85.36008843,59.212796,66.3399121,34.47451863,82.87116072,19.6991805,85.1101504
"FR19",84.14,95.03,91.42,11.72520336,20.48444207,33.03581532,70.22143842,10.58117566,32.35201575,56.25951413,66.276737,40.81836548,113.9067202,71.86555268,105.4234213,54.42882652,81.54700697,94.91250879,68.10770579,96.33619746,66.54430732,57.15987723,100.6234016,37.91035838,37.00995818,38.06941821,86.31349219,34.08655779,84.19627636
"H99",83.59,85.02,80.76,16.26535813,45.2938377,30.51487732,45.81434497,14.19105903,39.88391605,52.93606627,63.67251997,60.67724957,109.0154677,78.92691625,99.60967663,61.93714667,68.4205861,91.79839307,96.44259323,74.44885903,66.5994705,58.99016781,105.0510341,63.59630563,81.75623794,40.68078077,77.92272081,31.49789056,67.5005613
"HMV5301",NA,102.89,96.96,28.44387218,58.12550335,42.65296033,65.37945522,11.15750357,46.8546219,55.78550716,63.52947142,63.96714479,122.7678649,86.14383237,113.347792,87.72732,128.7168102,118.1973102,105.7387331,105.444168,69.34931544,108.6378392,117.0850329,87.033144,83.12985368,61.85211739,100.3511012,50.91367148,98.75883505
"HMV5325",95.8,103.01,98.59,34.40748539,52.15714529,43.65780571,43.41012778,22.39409208,45.28169054,49.0386847,63.8704685,57.58737293,108.2639324,91.083997,101.6780438,86.97629379,114.9365988,103.4274674,110.300384,109.7632867,73.35171583,97.76915171,92.46265759,76.44890768,77.27110603,54.92216086,97.77757686,42.24367251,86.64481334
"HMV5343",100.16,92.39,87.35,21.68618115,44.18986859,40.42716565,47.34588148,17.14042219,57.17465412,61.55764531,70.17058149,54.21036253,107.8753281,76.6257389,104.7602518,71.42481051,91.55582498,87.02867659,91.71303496,89.25832866,76.57723569,80.42753577,100.0066883,73.51288821,83.73822762,56.40104569,87.35555369,25.5806421,69.59378173
"HMV5347",97.59,92.37,80.37,29.00582605,54.92347549,42.24615441,49.13119936,24.03811951,46.6950265,45.86181151,57.8347467,62.24899381,108.4293018,79.9814805,102.19419,67.99050941,111.0375797,99.61094241,101.3940379,87.68190966,77.57599029,73.49054213,114.6725463,61.43843724,59.50911863,43.10758654,80.93911417,37.54296692,83.05854963
"HMV5405",NA,106.46,96.82,22.71329248,55.04232221,39.58839552,50.36386918,19.64101668,64.1869101,59.57416902,72.11375267,45.49614931,121.8980579,85.4516112,107.8761577,87.38610562,115.1288484,113.764313,103.8371669,95.69500133,78.75819957,88.8433627,121.8317404,78.74395084,92.30712398,60.30464476,102.1578962,45.86056697,74.18850142
"HMV5409",NA,94.13,85.63,30.45069693,55.03276847,28.60859031,45.81890301,13.95328788,41.84789754,54.94086061,69.331238,67.97487333,124.2572152,71.05527587,100.3794489,72.08301798,100.3787885,96.87485447,87.73522883,90.30444522,82.97594526,89.86037116,104.4299616,64.31689983,74.47188719,46.96234451,88.12703215,37.00691177,76.78134691
"HMV5422",103.99,113.52,94.23,33.74729717,66.28374181,40.25391282,47.20585224,23.87448225,53.45739343,65.66144428,76.26077061,72.50494263,135.0882231,79.70295424,122.7148257,80.01110082,113.6135631,114.6851739,88.14419306,121.4380421,110.6818186,96.27578451,121.5192689,86.4435436,95.24472422,65.57723331,112.5898187,47.00445686,90.51649573
"HMV5502",NA,99.8,92.05,35.67277054,71.24325302,45.24098858,53.55931431,21.00612767,55.31128167,54.9015122,57.47129348,63.74979579,121.6031704,87.15010442,105.8550918,81.39377919,116.3688246,106.9995271,107.0364727,112.1869716,79.09936729,84.39704451,107.7420577,73.74267871,81.1386886,50.13189302,99.46480525,46.27278301,87.9414527
"I198",54.58,84.93,89.68,12.84048617,28.95961484,25.97640697,50.11786297,20.11091328,53.59313037,49.22569378,60.78170867,65.6503865,100.8242552,70.40695369,97.51612446,45.96698369,72.8783571,81.50579042,107.8393838,85.62081539,85.08913659,64.27715449,106.1652989,62.92887817,65.42039657,45.57568613,86.56845595,45.31210395,70.42500445
"I205",NA,NA,NA,NA,NA,NA,NA,NA,NA,NA,NA,NA,NA,NA,NA,NA,NA,NA,NA,NA,NA,NA,NA,NA,NA,NA,NA,NA,NA
"I238",82.57,91.65,81.8,22.31127133,51.33634686,39.47504211,59.81210889,13.53017591,53.03485176,56.68492905,73.89644872,57.46177032,124.7615142,70.96111848,106.6752123,64.28557843,95.48946037,100.8777144,91.04192901,90.5508953,70.201863,59.05845718,116.471567,70.90740968,86.17233343,43.05094709,98.95885103,37.7227795,73.09863559
"I242",86.8,89.24,86.34,6.56655662,17.9275758,32.91999827,42.36072098,8.66970764,34.51424184,43.45544519,54.01575795,51.5143152,119.1348735,71.51161369,102.6152155,54.60090025,97.99177362,81.79545525,74.99978695,99.67037801,88.1439707,74.11657735,81.25529572,57.62974854,50.49031731,37.95630043,91.74658081,30.97899143,87.86140143
"I261",96.91,92.79,84.53,13.89638068,23.3887097,34.91459486,52.89335236,22.8531059,40.85231914,37.2651807,70.96403095,53.20752162,108.7123912,77.75251757,100.4996816,41.13237363,81.44949648,95.2884961,97.16336018,86.29391982,61.29168788,81.31555934,96.00033077,45.83065679,64.2318384,43.81824017,98.80541522,43.76269598,71.93384497
"IDT",90.03,86.92,81.09,6.21451235,31.41195356,25.14718244,46.62197668,17.04831695,31.65365983,46.36174773,64.26444283,50.89450924,108.5823771,78.45229284,102.7912922,52.2974193,104.2381085,107.1490601,88.197251,83.82134617,68.46335257,86.62532736,98.08177541,75.18030975,84.50948123,21.12382406,79.79469343,25.51653762,71.51035001
"LAN496",66.87,93.6,82.99,8.99665549,24.64673742,32.38940962,47.35226492,3.76584314,21.49309767,39.23180547,42.23339382,47.75143676,107.1204405,65.28946108,92.97585888,54.99482693,91.78434547,83.49560958,87.72689426,72.05104565,76.12831051,68.93569267,80.97837656,52.02212286,44.70638117,37.28595158,90.13205445,32.47041559,72.57217008
"LH123HT",101.36,100.3,89.29,21.75967921,44.59532141,47.74731494,68.94673468,4.18344238,35.04887335,62.28204324,56.84804647,64.09128793,109.2536218,81.68944712,121.431905,88.83663898,115.3298614,126.0717763,105.4829671,110.7078589,82.9748183,83.96774228,113.3858637,81.7072337,74.43778712,31.93594831,81.92704302,51.35551223,82.18358537
"LH145",82.36,98.21,83.5,23.38451344,41.23025837,33.45857053,45.78842049,20.45657848,38.72030856,55.01717469,66.13524034,40.43293389,102.7900308,69.97654903,91.39862098,69.09345233,103.712265,94.57379588,98.10238277,82.77153221,77.8487494,63.42374695,107.0077301,61.2552188,71.22068864,50.83480444,90.42541779,33.1856555,62.151558
"LH38",103.38,94.84,93.88,19.01745524,39.71157827,42.61927115,60.79075692,10.97905674,36.81998094,63.41150919,62.41242562,70.46642526,118.3234748,81.5462041,102.5255668,70.49618873,108.1328155,109.3801127,102.2373289,99.20872885,74.89175349,70.53412269,108.407003,72.95250722,69.43382668,52.89704927,90.58280006,38.36702331,63.61727651
"LH39",NA,89.32,78.4,10.12307949,19.80668948,39.35351425,49.94608582,7.37677904,24.52067649,52.39882917,70.68809446,60.50856799,106.1328971,73.17891678,103.7790502,69.69436929,89.21424212,104.0621447,101.9136213,101.5866996,92.09544437,72.63776423,126.4666554,65.6744465,70.43789659,47.08209645,86.51671187,39.18024497,66.56952129
"LH59",103.46,108.42,98.23,11.74397376,25.64161167,33.52413413,44.56858928,4.53143315,34.1950891,54.02081389,64.3344021,60.03022186,124.9685536,87.42567395,114.6034853,66.35043243,97.02011696,94.1744377,80.18042198,103.8100909,97.18554113,79.23798933,118.6398284,75.9924616,73.19078199,51.07734737,94.61256001,41.95470988,89.85546417
"LH60",95.81,93.35,81.99,26.70826162,48.28011839,40.48319747,55.03591887,21.37993008,55.73439005,58.46889174,65.76390769,63.20160434,113.5480232,87.78210098,105.3475013,73.51009519,97.64776644,96.86297695,110.2068552,104.6178112,97.65730485,103.3968252,128.1946483,83.89604704,95.25793785,46.76658616,91.50830006,43.95143268,87.63642663
"LH65",88.67,102.12,95.05,15.95542653,36.47765442,36.57716212,55.67531045,12.51877133,38.61432488,55.89015952,60.2081111,64.60717895,123.2171654,89.71204249,109.264977,84.1003854,104.6980852,116.965676,106.9477482,99.08438329,89.79927961,90.11281375,113.4047282,83.4669697,87.41253593,56.00205666,96.97267332,46.90775608,79.5665603
"LH74",94.68,97.08,91.2,14.15264245,46.07499491,44.24711185,61.03647712,19.67244438,40.43286393,51.68801217,67.74189479,58.7743702,116.5552228,76.47731784,103.1503199,63.57503858,102.21927,103.7192228,115.5285353,96.68406106,74.46964903,54.65895439,107.1187159,70.95453601,66.70468112,46.80499364,89.90231395,37.9052916,80.56103707
"LH82",84.36,95.95,82.86,25.19864269,57.15431846,40.60839741,50.38351235,26.84619233,50.92100155,65.86751375,83.28920591,63.36570129,112.5704564,79.42188029,92.49853222,78.43997768,112.732439,110.4462094,103.1515853,84.15314733,91.22344066,89.79367485,111.4807881,64.00418076,66.59178548,58.58142356,88.37959335,38.31235798,80.56523
"LH93",99.42,96.28,88.9,30.44941623,53.46697057,41.23470818,56.01149722,18.66860506,50.32280902,59.4409758,68.56517051,67.58460142,118.8924154,85.80291985,109.549782,76.02042056,108.3485542,100.3638079,95.65817453,129.4628412,98.8332777,79.91850534,131.3737688,81.9091048,102.3360191,62.03572363,107.4661678,56.31216951,95.12622366
"LO1016",82.32,90.51,88.6,45.40016044,72.05286433,39.82766177,76.03263393,23.72245543,59.0890389,60.14484544,76.09831266,71.44263003,137.6778364,91.17343661,121.0327719,65.50609193,118.6217256,125.2893846,113.8747833,126.4153495,96.05194885,71.481057,113.0102174,72.03971749,77.71538784,54.34818087,114.6674064,50.77695887,98.8696081
"LO1026",NA,101.45,95.67,23.98555669,51.06918609,41.7726929,67.49551771,21.39545709,48.44849116,53.8811446,76.15046443,64.74894875,116.4252921,89.06753147,107.975386,76.71926567,116.3429241,119.1642712,103.7893734,121.8113985,103.2084871,91.15607793,96.79618467,82.32596723,89.64301315,39.98451406,76.5684652,43.44508507,83.20922786
"LO1035",83.71,95.34,87.92,28.82257678,48.62856113,37.77103375,53.06986565,25.69778246,63.08092064,53.48469948,53.00597299,69.42144014,117.0927283,79.39438018,114.0660113,85.7312145,108.6255825,117.5070404,103.4625564,118.3405499,89.95112823,91.5968204,141.8330101,96.6587594,95.65133323,51.69752483,96.46556705,45.95067527,100.0049638
"LO1038",85.58,98.53,96.46,36.56449537,63.87926521,40.68595282,71.41990221,49.7861983,81.02518963,61.12859774,85.39529305,62.34970384,134.9992361,93.48634122,128.492128,85.00884802,109.0176826,119.3433579,105.608278,128.1530292,103.8492976,91.90414857,107.4041954,105.5489977,104.2423647,45.89882974,117.6047197,41.86954603,103.1115763
"LO1056",NA,98.96,87.08,28.62673703,65.04482082,36.13842983,60.96550516,38.87909408,69.8255941,64.15293426,61.50790692,79.81727107,131.6268582,85.98817175,132.345565,73.92131944,115.4147975,114.6819813,92.20187036,128.2872467,98.50001773,75.50839831,138.5623922,79.92063397,60.77201507,53.25020888,100.8786269,64.71077781,98.69051624
"LO1063",NA,105.49,92.23,37.21952852,69.89790211,41.7295816,80.22246599,26.52077294,61.41868781,63.37421877,70.77496137,56.32130769,112.2161137,84.84487011,113.2265949,74.91632886,101.4877152,117.2892791,104.2465059,98.17942085,91.16283316,76.32996201,116.9165377,78.05611951,87.04955482,53.38954304,91.47867867,42.10060193,84.0140513
"LO1087",NA,96.8,103.3,43.15534929,74.57792375,48.0048305,71.6485258,21.91730996,59.64963158,66.91653872,88.34397585,70.73898697,133.7402497,105.0019819,135.6169072,80.02684633,128.0314997,126.7986179,128.7297332,131.530311,127.3129407,92.02864455,124.7285613,104.132087,111.5470689,53.0975407,113.7979854,47.19135339,106.9920051
"LO1094",NA,102,99.29,26.15014785,56.53663574,47.33744176,67.81285983,16.93847241,48.14357531,68.29244066,82.56257571,64.85900388,111.5020777,90.92303687,116.135443,78.96563792,118.0683539,123.4832396,116.0860722,111.78553,100.8738298,90.24051211,130.6825897,85.04299464,91.44990194,47.90230698,103.562913,36.59464063,97.22289104
"LO1095",NA,107.96,98.23,34.74577022,60.75448185,42.99829396,60.8820485,22.38960709,52.21164549,56.08621076,73.62779651,65.10551043,122.5933705,90.34897971,108.965251,81.90432409,110.5361241,132.9325131,124.929155,117.0191224,101.4485975,91.3707262,134.7591687,90.6426102,95.85691834,58.68878045,99.78161369,52.68764846,97.11848343
"LO1101",NA,96.7,90.26,28.37769106,61.75229861,45.1405471,62.69027149,21.25408741,47.00021787,63.12858341,79.70792259,61.01273353,131.9651438,98.87492809,126.9554126,76.25069085,125.6302095,113.0123682,97.54497517,111.5823872,93.93854227,90.41380233,129.0046149,83.39904686,97.63964388,48.62821978,103.2266289,29.93698232,88.58383345
"LO1106",101.66,100.95,95.95,24.80911684,56.5376951,33.71665481,60.04567878,17.87512897,45.71713053,56.21726238,82.59797213,67.93542755,129.2405731,89.61679098,126.7836731,72.76969324,120.2001822,126.8647809,123.4798711,119.9921867,113.0677658,89.39251054,98.85271987,82.38281577,93.53492594,39.56855626,100.635872,33.94019546,90.53032397
"LO1123",NA,107.34,98.32,17.57359286,56.53715114,37.62078881,51.98820732,7.48190092,47.15961389,52.31530882,64.13726786,50.92666116,118.6932103,87.81365987,105.2939917,80.19031862,110.9823382,109.4689569,109.7539895,104.8637873,80.83806158,86.2051496,120.9680271,78.10791564,88.20008129,50.60316805,94.4708264,41.36807285,89.81697653
"LO1124",NA,102.74,99.65,24.21179939,59.06956648,33.02377155,55.23563423,5.10571083,41.7563096,60.55241852,63.06946854,49.86605209,105.1122535,90.83084147,103.4715535,94.18391358,129.3605249,121.0842206,110.5063837,109.6149914,91.88961752,99.53095618,112.0734276,83.3098521,96.67051249,36.89214539,106.7449388,32.36111237,82.20687042
"LO1172",91.25,91.82,85.07,29.05373646,68.8092186,41.66768592,57.38853544,22.67303902,71.97630777,52.74236619,72.17886266,65.87590451,122.4345133,90.11916574,115.3513613,90.71702085,114.7462141,108.1114467,103.9468749,111.1615237,89.40472518,86.83334451,122.339183,96.7835636,98.59420607,53.14671526,99.03078656,46.52018946,96.42624046
"LO1180",100.98,94.14,96.71,21.40933648,64.33635604,48.44694743,69.57769243,7.54419462,42.77490128,56.93859359,59.2448811,37.35470909,107.3090206,80.87841148,106.7871417,80.91721254,112.5354202,108.0917045,96.94116474,105.8986209,85.10541948,81.73447743,124.6659615,73.92242234,85.14502536,54.54280966,101.2845859,34.95472914,74.77605054
"LO1187",NA,102.77,90.67,19.59862645,40.8655342,38.70426852,65.41306128,13.88886049,46.54756413,53.83614768,66.98866616,55.88344421,116.19427,89.04808345,120.4257485,80.553677,107.3288164,110.1422688,104.6959108,110.9153376,84.53291799,84.48549917,120.8826211,78.490828,86.99110091,44.91356794,92.03478658,42.62957693,85.33363703
"LO1199",NA,107.75,104.09,21.49724574,58.53651828,54.55435957,78.45151111,13.58931145,63.04103471,63.47914752,81.07410036,54.45378387,136.2917516,98.78413356,122.1817074,85.44682715,129.8024207,139.2023496,105.7995117,126.4463317,101.2289819,90.48731905,132.2706712,85.39581174,91.86456664,52.61401782,105.5282087,39.24353946,105.7199332
"LO1203",95.16,95.05,95.77,37.13195467,58.8294355,50.60045453,66.19769253,22.55370631,49.99015916,58.07554179,55.53678056,58.14376351,126.0757399,92.94063237,107.597608,75.96177238,124.7269142,123.5721898,128.0187317,124.1440994,105.8870224,73.65600729,96.84544731,94.72542218,100.6968146,61.13499193,94.5761422,49.65230613,87.24581983
"LO1223",NA,109.71,107.46,32.62240842,53.15891957,57.25675309,74.30029655,26.01372393,54.73774052,66.5165516,77.65317087,73.45386412,138.3113633,99.86202258,130.3406617,88.54149608,135.5476792,130.3451835,104.7475546,122.4902828,110.4662392,92.1901904,137.1797012,87.85181772,113.1356715,57.74504032,106.907308,48.49996382,101.4438489
"LO1242",NA,99.26,92.54,13.57119012,33.75627641,33.2642756,47.82627851,21.01082423,53.84262771,56.95192294,54.17822806,62.47971004,119.0289983,78.7099554,105.9981775,90.87360906,119.9176747,116.0353647,110.6060534,104.261799,89.34198005,86.85605114,137.377984,88.38952574,92.70211727,53.70483019,95.08993124,37.64805947,86.15452015
"LO1251",100.12,109.08,97.2,33.73885772,60.24375299,42.04007973,57.14428616,10.99717326,58.63435264,64.36278608,78.3743088,74.6851991,137.1824079,97.16330219,136.274653,96.12510043,105.9874535,131.7044274,124.8230854,134.0687712,120.3417083,94.27911766,113.4612355,103.8442567,104.3905138,39.35820463,109.244424,49.22759103,111.6432187
"LO1253",NA,115.04,99.17,32.01219327,57.51641462,39.77542797,58.70257559,23.30619533,53.05925042,66.18141339,76.10656952,74.08903577,139.0903841,96.15562711,135.2073548,95.50920496,132.466803,142.1220641,111.2142324,138.049762,109.410482,97.326225,125.2035462,97.32792819,107.1084033,58.92495808,102.7797687,47.86607884,99.64175898
"LO1261",NA,109.15,105.52,36.31594964,61.32719379,50.20709595,62.23757752,27.17649104,73.71128239,68.82474031,76.16910271,83.95714763,143.4162495,99.57958267,124.4107366,81.78576433,137.7397592,127.2369471,106.0463111,128.2818252,93.76333369,80.9905772,117.7567045,99.82781219,102.3082754,64.46872396,108.4332508,57.05508256,98.24296984
"LO1266",97.27,99.15,103.67,31.0510752,66.29619851,48.53111262,71.83546329,32.79460247,66.46988987,61.11095521,76.97001651,76.05507818,127.6283369,101.4669809,126.6361731,90.52785504,114.3242555,124.5827528,111.747148,116.9600959,104.966148,104.7104311,120.3221177,98.90619679,98.2576591,58.73399037,102.5926827,36.55100992,91.74808375
"LO1270",92.51,103.82,83.35,42.46130952,54.5463136,51.54048665,69.11033376,32.31265486,63.63480509,57.74202207,64.56228807,60.95618271,129.4941485,102.9192194,113.5924094,88.42366364,119.3838404,122.8988923,111.8757224,128.1773324,115.0208024,98.72964716,119.3812403,79.91482406,56.89735723,40.25138483,93.16736357,42.61192585,81.8877701
"LO1273",NA,101.15,88.73,37.69424544,63.17105002,45.3157638,63.98313159,36.28837452,56.38209716,49.6346717,65.23612681,47.4872959,126.8019518,89.63065609,106.015113,83.54503211,111.0503642,115.4182944,81.75816176,108.0443673,105.2538972,69.62588421,114.1888932,75.60635493,85.29366224,64.97872613,96.87193252,45.77369789,82.7220217
"LO1274",77.82,94.24,95.97,12.11414489,29.73401482,29.76628478,55.56739248,10.61221472,20.67288392,44.24614583,46.67632376,47.66777824,104.8932507,89.52235916,103.2429535,79.81881889,91.18382752,110.9127971,108.0381138,113.2797449,84.98164456,84.30773774,107.9951896,85.12578671,88.40628188,42.12271942,96.77735487,28.34335618,84.03736192
"LO1280",91.42,98.28,99.33,28.18265391,53.30588135,33.53822857,51.87510067,10.05634832,41.15545212,56.29631081,59.62010029,58.20642943,104.062934,82.32584559,103.7563684,61.13423141,96.71307212,109.2528225,105.966121,92.63508714,80.21132909,103.7207868,130.8667283,89.73535264,88.25829027,39.49317737,87.10268602,22.76752376,89.78817096
"LO1282",94.69,97.46,96.25,20.73742256,50.07499992,36.06109469,54.00873673,21.12181301,55.61395782,57.98013527,57.81188256,61.70584951,124.5955087,90.05650295,116.3106535,84.02240562,114.9155173,121.0904537,115.742239,126.0950922,104.7590545,83.18204882,97.8303987,101.2998502,114.1298956,44.82184886,108.0216441,27.37774952,93.51846936
"LO1284",NA,94.57,97.37,11.29068565,38.55170207,36.91082548,64.08300032,3.1752719,27.2388318,54.10884314,69.5752544,68.10172844,108.7894498,86.04820344,124.9892683,79.04067603,119.2345229,120.8199667,110.1721396,110.7071583,91.14005994,97.85157637,138.9970183,94.15202874,91.62870408,51.69671892,90.22186692,34.95059355,89.19117505
"LO1288",99.29,105.7,99.06,49.00745905,76.91125801,57.99531673,85.4629753,30.65335437,59.90545759,70.2616197,77.75781235,70.26923022,135.7099358,94.74497444,119.2532127,70.03146016,105.6230039,119.9580618,116.3563958,122.472899,101.2837742,110.1496886,149.2088993,80.41514751,104.0272903,62.49963517,114.6698742,40.1769342,99.90382872
"LO1290",NA,98.39,90.91,27.7044101,43.09477867,41.80498258,60.86051552,10.9138554,57.61889925,56.51237632,73.7023052,61.74123395,123.2277301,90.54045337,118.751452,73.39450343,109.2180157,118.3731063,104.5622986,109.4483748,100.8785015,75.15784735,127.7675623,92.50556115,101.5463315,45.19233101,101.9190269,48.67183069,89.08808394
"LO1301",NA,107.4,103.94,35.54369354,63.01289137,47.86002815,70.52724816,27.25791733,61.08645426,77.6088731,77.93634662,76.56654623,127.0187655,92.26154327,141.0987217,78.38164102,115.8299006,121.8613117,131.3047613,127.9251726,97.85377715,89.80665947,126.0694222,94.01368445,102.196665,62.84893526,101.9056701,45.22152527,99.36866356
"LO904",NA,103.89,88.1,25.59366049,61.27542549,58.9379867,72.1633681,16.13953834,53.93908225,61.55643443,66.55540216,55.03048478,132.5530578,87.73623646,115.061838,81.60777871,113.3781278,120.9534498,122.0135877,121.9473098,104.375103,88.00360378,121.8592506,86.1548602,95.44087118,52.23516048,105.8169363,46.72814949,82.52895407
"Lp5",90.78,97.5,103.37,17.44631698,47.61085771,35.8009038,52.98596162,19.54521383,49.11110366,58.3224678,75.61806111,64.14149641,120.597273,80.38509626,107.6281059,71.30723167,76.80552694,110.9250366,109.2605515,86.62449166,74.28878015,80.04190185,117.5089079,79.8911939,78.94093292,41.44937952,94.92621916,30.59105613,89.43847595
"ML606",97.43,86.7,94.73,29.84732369,72.218071,36.04964153,54.69278709,15.45376318,55.09095494,58.65444605,67.44101797,62.99739466,117.8915987,87.19607636,110.4607053,82.15346124,90.6543911,104.1142869,110.6303443,99.96561432,76.77931697,83.61972682,120.3222359,78.28461608,82.86749815,55.43943788,98.42877525,41.04159601,78.16626234
"MO15W",84.12,83.14,76.56,19.11290516,44.83936513,30.9422477,44.9803034,20.19757443,38.70644445,52.42271473,53.19941274,66.36019357,89.05808728,88.68985756,103.8994105,73.8514061,102.8531867,98.4033753,88.89101668,84.50684286,75.67872376,71.65647778,119.2871491,85.56573418,88.32663072,28.22634443,68.07920624,33.91531082,88.06733214
"MO17",98.28,97.51,95.71,4.32261142,13.03808607,32.64337965,46.71297392,6.93479348,19.19568854,56.40056979,66.41962405,76.4275288,129.3065221,82.75360769,117.4065252,52.67982843,90.1871306,98.14683503,81.99415398,112.5244147,86.25616082,76.10908042,102.6783693,77.33799423,79.94048172,43.23108337,81.36592978,32.30624528,80.85858041
"MS153",75.15,91.64,79.9,15.78078662,41.52324994,35.36103412,60.25711754,2.26445381,30.24009816,50.99294617,53.83428928,66.89586699,99.34476252,65.83181766,95.08657265,63.37706958,92.40030606,102.5101084,104.5537043,86.07700515,43.04366045,64.08477347,106.1039609,58.18686171,54.80519335,49.92262925,91.29497344,43.46180216,88.27067631
"MS71",94.4,87.15,75.8,18.9985401,30.30689867,34.11739961,45.81929385,14.06459853,36.23170041,51.5323715,70.23482547,54.1990729,106.9147684,70.3301787,90.27721439,63.03754814,94.39175489,92.06870475,81.99765692,86.06391996,66.94899416,67.52876781,99.38459506,54.11921137,56.35171556,44.22884398,79.38273332,45.10299351,54.15133829
"N16",90.08,87.41,NA,27.8211172,42.39011465,34.55263014,38.02136172,31.27020804,46.66512175,55.09667097,54.45714734,55.69443321,101.1274621,73.00512041,105.5275846,58.52465167,115.499323,86.83667232,80.60767188,100.4849106,61.82689008,57.60942787,89.81697398,63.67908438,65.71716014,41.36936623,93.08473025,38.92924103,85.8606927
"N192",93.91,100.13,94.92,11.15756302,43.0129315,40.26649795,55.59574034,13.14596969,39.29365414,56.36942644,66.83661728,58.88448785,112.4258038,79.50128942,108.987257,59.40985044,74.13010207,100.3638061,104.0895923,95.99165073,63.63552125,81.11926165,121.0149195,71.24484987,83.16965918,39.67634046,90.08244058,30.21583377,94.03221482
"N22",89.98,91.47,88.65,14.23989482,33.73223575,28.8679488,39.58274467,16.2394651,34.59901865,44.90744035,62.46754496,57.53000156,116.1959152,76.71576314,88.5523456,48.04838907,82.04390298,101.6494771,67.50082871,107.6019723,76.9713077,66.52923049,69.76890404,50.12529356,74.47271886,32.61516753,63.89021681,31.12783976,77.69517792
"N25",83.91,58.61,67.78,7.32223191,14.7435816,21.95163629,31.22001502,8.01820338,25.43290656,39.12189151,59.49749759,62.18628922,99.87701416,65.21113048,99.27386321,44.71051834,71.60474318,101.8065345,78.84184237,90.20486399,58.31033495,53.45185226,85.41029851,55.3601353,61.67133073,31.09495059,71.46523054,28.13788131,73.75707209
"N6",79.14,89.24,81.69,16.35109255,43.33441298,28.21722357,39.66448377,14.4760192,48.70361939,49.51967711,55.46774374,60.53693555,107.2850093,69.79166053,99.30628999,52.58972104,94.2058281,79.46786711,80.21868364,80.41922616,60.40057619,65.52693881,105.1448679,58.3583792,60.38813839,38.44390631,80.12795064,39.09585695,92.29081077
"NC290",100.52,90.11,83.07,14.85683498,36.01260264,35.0105299,48.58876419,12.35008424,35.67221359,59.35569043,65.89768884,66.17053128,97.53287846,80.32154878,106.1062332,58.17799614,97.86943051,111.3665918,112.5956441,124.9237189,99.69947292,92.00875085,90.76895589,69.00933403,83.23035147,35.61955283,86.46067581,30.73940485,79.28920927
"NC358",76.19,91.81,96.68,21.10881261,28.74444675,35.32752538,53.77337069,20.44154337,57.24042031,52.23721385,59.67098694,65.67327039,82.4285279,78.63907869,106.3781256,73.05215806,98.4753931,113.8571101,95.61736948,102.950131,91.83173229,64.19354008,104.1881097,80.88129415,93.18533825,31.8520891,79.95526653,39.20389648,93.84784263
"NDB8",92.61,86.75,73.92,9.61400903,27.546639,34.43617862,41.0011663,11.20867899,33.2390036,45.70109241,56.82632977,45.8765118,93.02998486,57.08298271,79.51387759,51.77548372,71.50910671,79.11365784,79.63647477,79.89843624,59.52036535,60.21600682,100.9589332,43.74367244,42.58431082,34.89587968,73.13022201,22.58155576,51.17455012
"NK764",94.77,97.36,87.35,8.93862699,33.92029733,29.25603295,50.09451181,10.98702369,36.17462368,55.82231709,62.26909783,56.56178701,109.9526383,82.35206472,108.0898792,70.29751665,90.62481761,106.2914446,95.11695564,92.82437053,74.99357478,65.72113962,109.6568361,56.94506238,66.28231821,54.29218078,87.52323478,41.52253865,78.87866353
"NK807",86.73,90.79,86.29,18.46336819,39.92966243,34.58343967,57.94575893,13.8107903,29.4624335,54.85953135,64.24220816,56.48683193,107.9360407,71.45911401,98.92440845,61.17539015,97.47421247,88.18139175,91.91400807,82.42822927,81.39879217,80.32109208,99.12125474,55.40136812,67.50836931,47.1044851,84.53202708,32.45285523,89.70752466
"NQ508",90.92,97.63,106.36,12.10540627,39.6335787,32.8940443,63.26245425,14.31500642,43.09598165,49.70983584,66.14822353,66.62481226,116.8660134,82.29875116,103.4239177,86.83520808,110.3832569,112.3586665,112.0890922,111.4898271,97.65730485,93.15544039,119.6233072,77.38327459,82.3834487,49.04041907,101.3011441,44.07419477,86.93585344
"NS701",106.76,101.38,100.57,8.58764545,36.95705018,45.92992498,66.07652,16.48259746,53.23824859,71.40438084,82.83728774,66.8452445,125.5508827,93.72528061,118.5919915,64.59453868,123.7748848,120.6847097,99.74163497,117.5799126,104.8452349,73.84863988,120.7282201,85.857648,80.75272689,56.0175324,104.6838936,37.81471385,94.3178754
"OH02",NA,83.85,84.47,21.76513634,32.20708949,34.65579851,54.48062594,15.1428291,39.74391368,53.98695121,56.61669443,64.37787813,130.3878531,79.16041734,114.6792556,68.57151103,119.4933738,99.0905109,86.78610192,111.4115724,101.3250017,79.23581429,83.08177897,62.66639093,49.60841397,60.02423895,91.82827267,53.33934143,79.48741855
"OH33",79.78,84.23,78.79,12.29172569,18.31464055,31.76842055,41.82894713,13.11526825,21.98213881,45.35561366,55.74190261,54.97039434,112.154045,61.88685336,102.7871244,48.69304341,92.43528027,85.36068725,72.28175559,77.12597606,89.90781746,60.58468758,72.85348315,54.07488028,55.89029117,29.9893023,80.61433605,26.76707832,79.81542276
"OH40B",79.37,91.69,88.44,6.56924656,16.60648312,42.12254257,47.15730362,1.88445671,16.10970244,64.71774837,63.62070454,63.37279277,124.296947,75.92050866,115.5421944,69.9886298,92.58462101,97.40836577,104.3118969,105.5701241,55.79736895,65.11957613,107.1308609,65.43981034,61.55463214,39.15573572,85.00830413,32.4908479,69.9441805
"OH43",97.77,89.88,83.82,17.25807945,25.69434345,36.45748906,45.98653494,18.15350527,30.91856825,62.73348112,82.49994623,62.28987222,118.5584288,91.07100387,103.2657251,65.86172055,90.96877699,100.8965847,97.77216536,106.3671886,78.30234461,82.61974479,102.3575179,74.38615741,64.95931566,43.99043586,88.74080945,40.74285107,68.25964777
"OS426",67.36,84.24,66.94,21.0305269,38.41805008,34.84701839,57.19210013,27.64259075,37.05124715,39.9326813,56.02344301,55.81059321,111.3362733,70.48901675,94.47749988,59.50765711,89.33594355,81.53514395,71.45110884,84.90323181,54.56683319,69.35459959,100.0093209,48.17068253,60.04946515,46.29251198,95.61147895,49.94122546,81.8627661
"P465P",69.03,83.79,70.65,7.99817876,34.05397575,38.19238368,49.00760158,7.81817772,44.48202408,54.53981943,58.60904153,64.85322422,99.76527396,73.37900008,89.95219814,66.31935388,104.2710444,101.0540427,107.8724737,81.96078136,74.17961255,77.16626639,93.51152901,75.57492924,79.8442446,50.28587862,81.42835703,48.63899547,71.58365729
"PA36",65.45,80.01,61.59,8.94840444,28.64034482,25.01276436,46.59284999,5.13559288,26.40852183,45.3531008,51.18979523,28.39914293,74.93547053,58.52243359,66.0570025,56.62165585,73.49700547,74.65728623,68.50425203,56.37066934,47.18873966,61.13697291,60.30262437,20.90374166,36.52230835,24.14422906,65.31801877,25.59427274,57.85554248
"PA405",85.09,79.85,70.47,21.82761505,36.30673995,21.86775747,41.14220516,11.84900697,45.40512857,42.67935331,51.55795013,39.97756661,99.02113461,71.63209716,92.24046675,53.32899022,94.68910287,65.83642631,74.47669383,77.14551463,63.84299141,65.30963867,95.94581731,50.50817091,49.26879487,33.88666824,74.13833036,18.86200868,74.95724213
"PA91",104.47,89.15,94.64,8.16746413,18.31977759,40.97101964,65.26107829,13.2874561,37.06213678,61.157406,76.80433184,64.76698031,134.1537753,94.55795334,117.8055353,64.9353759,108.3092719,131.5486455,108.3618379,105.9713648,87.49737647,72.69218904,88.35429348,78.30269223,83.18265876,45.99283404,92.13388608,41.66296599,71.72317975
"PB116",76.74,79.1,72.35,10.49646522,27.12100949,30.76209557,37.74540689,6.20741855,32.75629399,43.26276115,46.02697018,46.60575522,104.6569747,71.69054405,94.71396434,51.64747106,80.13761751,74.34230794,72.24913978,75.63461365,55.01228751,80.45091484,68.53660365,52.54360695,48.68842075,42.94060265,81.91436742,37.92740907,76.09719736
"PB98TR",69.46,92.03,75.1,30.57671541,45.24729845,24.82828729,38.74126634,13.4035985,45.12175943,31.34751833,46.898651,60.45123357,111.4355016,63.81617766,112.3835712,65.92084361,95.69814596,96.01903387,89.4439028,93.15434357,66.80132352,65.13338894,99.74763252,56.57238516,55.80959209,38.08992871,79.04937643,29.65951245,52.12227816
"PH207",90.13,91.29,90.8,20.07307876,50.36227168,29.04433885,41.65775446,12.20009877,45.41595281,56.6675779,66.88661137,63.37536466,99.24155066,72.87467123,102.0978016,72.66310902,84.94685622,105.9019248,107.8861402,101.8058449,75.6791379,92.68926466,128.4297367,59.55065593,64.86070948,60.64861352,84.24071499,38.26993065,77.71867911
"PHB09",91.17,98.94,94.7,12.57483747,29.60390455,51.24986725,53.63643007,2.68437546,30.62515749,60.82134189,80.82484837,62.17418549,112.4186366,84.67288222,114.9563715,55.175727,115.3614615,111.4385669,107.3175273,105.8120941,90.44889111,74.5037212,122.559653,66.49010405,72.41371122,48.7689201,86.37903215,34.02076874,77.44319932
"PHG35",98.51,104.58,101.81,44.41136845,79.48794183,51.05484428,66.55303958,44.88387524,51.38896404,68.06349429,81.83212647,71.29859013,130.1727543,90.19576775,128.7005483,89.71382412,122.1844975,121.6441945,107.6832397,119.5521851,97.55656872,89.44280345,115.404657,83.3517168,83.936955,70.74428137,112.2477274,53.45667289,81.90955835
"PHG39",95.81,97.87,90.98,26.81907098,57.6005855,47.84474036,68.4484335,15.9620458,54.94573418,55.89254006,54.59126186,71.29927744,115.1447932,86.13940014,105.9647739,81.52434095,107.6138902,118.630732,109.4885724,114.6265345,96.45928592,78.96170152,128.8389748,85.41571005,95.47057483,55.33824624,96.9030797,40.6641249,88.29568982
"PHG47",85.58,92.35,81.44,14.77871744,25.82821581,37.15375826,49.18573454,13.34536834,35.96003301,66.83533622,68.72984972,68.46458318,114.7546257,77.75311665,105.045967,69.6477819,93.18863215,111.4727735,107.3359973,98.3980932,78.66380262,88.85157787,103.9767071,55.12958238,62.03227202,56.58819169,91.62127234,37.88139885,74.45563786
"PHG50",95.15,99.94,91.11,19.84582214,51.56361122,33.94787893,47.39934179,13.7780195,46.95403094,53.08809717,64.7194624,60.73855382,114.4753475,72.50229802,108.5197808,72.86209412,93.03914618,100.0166775,108.1306661,93.00958726,80.21132909,96.9667784,129.056232,69.89418875,77.26264663,56.8214643,87.43202453,46.18484698,75.1086372
"PHG71",87.46,93.15,86.73,20.75452249,53.58679611,41.13117892,55.40607323,26.29270833,47.27136447,53.75316151,59.92001068,56.85000557,106.5035968,78.77172729,101.0325741,77.69682465,108.7455624,105.1030399,103.0680722,98.8530791,90.34434052,74.52752712,104.2712827,61.85568184,64.81001717,47.83366675,82.99076121,37.12282863,76.52969014
"PHG80",91.14,106.64,102.92,23.69162378,51.00662646,41.86067852,57.12545405,5.50478955,23.22153475,66.56878347,74.75754733,74.69576097,125.5971504,87.18166169,118.0733191,67.93431054,84.99038028,124.6863527,112.9004087,118.5360787,101.0018317,84.12675657,126.2251265,65.92883903,78.73346991,56.51811708,116.6188317,48.23908812,83.80791534
"PHG83",106.51,89.41,97.72,6.73052311,18.62239695,38.14176489,44.00916728,4.44057328,35.74761064,60.81303076,66.99781825,63.44978192,119.7828145,86.0846606,102.8096909,69.53109445,99.66504232,119.1359884,121.4213321,120.1129103,112.0648514,82.07029508,106.8723092,73.01079878,74.42519689,65.86314454,99.6101391,55.5304868,97.15587989
"PHG84",98.05,103.07,99.34,15.61415412,22.20385089,41.51705934,61.00888158,18.97889589,53.72614564,67.51995414,76.61798617,73.49896954,102.2144579,95.20521953,117.5461732,84.78809755,116.4994778,117.9865296,111.3030606,126.8763982,96.27633533,82.67300183,103.5498218,85.50006199,92.97382418,50.82075252,86.97249403,51.0237366,100.9089314
"PHG86",100.71,99.8,99.82,19.64858124,51.50019877,39.04063427,58.30249375,19.27396987,66.06495723,57.55833771,76.5881498,61.03980626,127.0619457,77.13220484,110.9763074,79.32421303,103.8829455,122.0121,123.5951666,105.4949801,80.88806383,83.49436931,127.3452863,80.49913882,85.24687373,51.32750665,94.60545885,36.53780985,80.4969175
"PHH93",91.49,96.74,91.04,3.8742028,21.23668896,28.46732386,61.07276513,9.06825699,39.17806281,52.32208724,54.03140338,67.1340467,104.0137774,64.72100326,95.18920963,65.10706644,83.60324145,102.4695272,113.3376569,92.63508714,78.42303589,83.66332823,95.90134758,55.68962976,51.98475478,58.07082604,93.02024974,46.88578137,69.38820743
"PHJ40",93.71,94.55,77.31,11.43087369,26.2899209,37.47296539,48.68761127,4.98810407,24.9329585,57.04206677,69.29146526,49.49304972,113.559105,76.36671223,96.29839712,63.01098562,87.51431711,100.1653674,87.81391798,97.28699982,79.42947981,75.05013475,112.7162711,62.12483491,57.34462923,51.56612444,83.72357448,34.86315904,66.03321905
"PHK29",103.26,101.39,105.4,26.28249345,54.00092246,38.80009946,64.61699232,21.94895498,56.14311204,62.86809584,64.19937776,71.44539363,137.5571508,94.31256953,126.2157269,76.44043562,116.44893,124.0169597,117.9656934,117.3101579,92.08599869,88.43740605,100.2126193,92.07345702,96.90785899,56.07859876,96.29148691,45.2997395,89.54914652
"PHK76",84.05,94.94,90.76,24.34476168,41.36861512,41.09328282,50.16461249,30.68279264,56.16012997,63.70307766,64.91454185,61.73607872,111.430866,83.37528726,99.18065558,76.06123113,99.03271218,109.8405292,98.3097013,100.9295881,97.23022521,94.36738597,128.3855133,74.02473321,86.06434352,53.5149322,87.46565108,42.86083253,79.16280593
"PHR36",98.02,99.71,80.77,28.2590429,38.8903292,44.14721411,52.64247985,16.16435178,39.69761677,55.06280205,61.99140604,58.78719156,113.6194624,85.42096508,113.8210502,61.10859174,92.3897071,110.2665664,97.88587578,121.0523393,92.66816361,77.116423,112.0078013,66.48158945,66.59804379,60.19006648,96.58460609,56.24582795,92.15014533
"PHT77",98.99,97.79,89.63,13.50402502,27.3838815,47.78576982,58.40032394,8.65164321,17.44031259,63.76939731,77.60295034,75.92534781,117.6508377,79.53859848,113.1527559,74.02210843,112.8969677,117.6197771,89.62195959,108.4309312,92.10418151,84.62920291,105.2333514,73.11375722,79.8585704,55.22802156,89.94817884,43.6246305,86.98652092
"PHV63",104.49,98.13,105.41,17.21981617,56.42433358,38.20754095,57.26706819,18.22321715,54.73951473,66.65539354,68.4704215,76.09814813,114.8339199,94.26566542,117.7992413,75.86668006,115.3220727,110.7555144,98.72819775,119.1229213,102.431126,95.16372966,133.880133,75.36637147,93.30067141,43.21760042,97.46844197,36.64827949,93.45351277
"PHW65",101.51,102.32,96.18,25.9405238,52.60024509,49.08745848,66.58739218,25.00349143,51.79662141,76.44692709,75.75236951,73.37753361,113.7613614,88.06126008,118.8033413,77.18156797,110.5517676,113.4927228,110.622907,137.0062082,104.8250552,94.5570866,116.4895392,80.39767021,88.58675543,66.53458325,99.65455968,55.95011666,82.47977966
"PHZ51",93.47,102.11,98.77,20.45911641,35.76196208,38.34052796,57.35184879,7.49832109,28.68095434,54.30333524,74.86671452,62.57454628,120.3410804,86.88150161,121.2114618,65.95857804,88.8559574,110.0061866,119.1855882,116.56642,104.6771095,78.02660229,100.222716,78.00098485,91.83572869,64.67221816,98.34890876,58.37320128,86.32285207
"SC-MALAWI",48.94,NA,NA,10.30935496,25.59150718,39.64843232,39.84415568,14.39348826,46.66112747,50.29864836,45.11242322,60.84617594,135.213686,71.89175921,99.58300997,44.88530401,60.87500755,127.7592131,102.503884,117.0907338,100.8333575,73.82529606,93.42684552,58.45433633,63.54870207,36.73651417,98.89724457,32.50418601,85.90787504
"UH_2500",57.27,70.17,63.6,15.55608308,41.22697115,28.0834159,49.88111368,6.87088737,37.36061904,48.96567847,46.33018438,27.36607403,87.47331359,52.06079858,75.5746162,59.50575856,87.74465965,73.93382952,79.27782658,58.63445879,45.17556135,63.68999711,86.8045658,46.88357369,59.03196732,38.01914861,68.89799724,29.99420939,75.98829001
"UH_6102",88.48,85.24,83.54,15.88320344,39.6238564,27.92997569,48.50009681,9.12534604,41.65400314,51.81868197,62.50477932,57.94108763,98.58897868,66.61828114,88.53930169,66.26386808,111.5697031,106.9449941,100.7241692,88.68318251,74.79549154,76.08138483,102.5898447,60.31971944,69.20425625,55.07699252,93.37546942,34.19415266,84.32576713
"UH_6179",92.86,84.24,85.4,21.49060847,31.37211171,26.70196372,52.84506086,3.07197931,42.94270484,48.25799181,61.62732829,57.81376244,104.489863,71.98493077,91.89734161,76.00538625,110.3328847,94.50675376,105.2918343,98.21342318,60.35372244,75.20762001,96.72629851,68.25483728,69.94629776,48.9278271,76.76356215,34.72258673,83.83562492
"UH_P024",100.16,97.22,89.38,14.65836576,50.79717184,40.11799708,58.30150306,16.70034899,26.77204843,48.39985573,49.86493996,64.11496913,112.8663762,81.77292131,108.4563142,73.60472215,106.628265,107.8558778,94.33091534,97.91479556,72.60512457,94.68497178,117.5160335,72.15006355,87.62270048,49.63068395,90.09060621,46.72171065,84.16183623
"UH_P060",91.2,84.66,85.96,8.84763536,21.35970193,30.69955947,60.49530831,8.71978383,30.18756725,51.8283361,65.09891999,50.8330645,108.6585735,76.18953792,95.25559123,63.77653834,91.87855482,90.75725681,103.6891822,85.3698758,72.05439658,69.87502136,89.32591704,52.71149633,56.14177879,49.21735067,83.62701927,30.53909994,78.27363179
"UH_P064",94.62,91.11,84.84,33.38237346,59.16189682,36.30883561,47.75237057,20.55567521,36.55554475,62.0638301,61.99241651,66.52010535,116.8451404,89.68008358,110.9745302,79.88575142,91.76338802,105.2971212,114.1388666,90.52530152,75.55258042,87.56280708,121.8369175,50.14638639,39.25041504,53.23586384,96.64970016,45.06139301,76.0759051
"UH_P074",89.5,84.84,94.38,22.34872408,52.84873513,35.32319541,52.50319496,11.67063158,31.49813144,53.19605763,48.67082545,59.02159236,116.1725471,74.18231343,98.9208077,71.52662688,98.24259749,93.67831015,75.7077683,98.10617041,73.94485994,90.63649635,111.2193601,62.62080163,59.30382391,51.09766658,84.45087329,37.24154513,73.80519638
"UH_P087",92.88,92.19,74.77,15.07314296,46.3091725,34.3831766,52.00877832,9.30833334,41.89001924,56.12348574,51.59526518,53.97902291,104.4981545,67.4379722,91.25643784,69.64062906,100.5554924,96.78335944,93.77431635,81.71896204,58.64975831,62.23937705,98.37572414,54.20054149,57.02305876,44.99903643,81.27276763,29.640244,89.14948128
"UH_P089",88.21,87.81,88.67,35.03602284,63.09315067,34.12462047,51.4664687,30.64492754,60.68393752,59.47932104,72.43375865,57.13346767,115.2927022,78.77292216,92.71021607,85.70971037,117.7570781,88.34614449,78.57269768,78.89416992,75.36016686,88.93498409,119.9357777,54.0788398,72.67159485,51.74452124,86.76313324,44.39404382,78.89725679
"UH_P104",93.73,96.95,91.74,19.59549922,28.53749049,29.9820661,54.35750887,6.6853887,39.90297199,45.18122024,49.93267819,40.29459982,107.6221512,70.21158047,87.12133884,57.03130064,84.39714084,91.82910641,98.77364477,89.61419161,66.52785199,57.82808763,88.64047978,48.34486248,75.01295631,48.08891089,86.34877619,37.80105647,63.64645521
"UH_P115",89.34,84.64,83.97,17.4154593,25.29823591,41.36913794,60.73745335,13.26897642,33.59073855,52.51449257,63.09558608,55.61323772,118.970039,72.59005438,92.12649121,75.50445855,105.52649,98.64054169,99.71527214,98.22856304,63.73726594,68.50977741,96.3796264,62.82076255,62.75777896,59.64283771,92.11575015,37.29816017,87.7515318
"UH_P128",NA,93.51,96.92,13.53331241,36.17727201,45.63359585,55.4791132,7.75502445,28.23090041,49.57560531,66.79643609,57.7964084,110.5987946,83.71829025,106.3807872,72.21803385,87.24106062,96.39926064,97.68860639,102.6137192,82.02510874,66.96702987,101.4673198,64.20459881,80.51535682,53.3392148,86.68114811,35.12548149,71.98532963
"UH_P148",97.48,99.6,88.17,21.1695985,55.03962853,40.99871301,51.87722034,20.14591776,32.91997261,43.36253974,53.53235653,55.51320208,97.89849891,73.62072521,95.9044289,70.94333105,102.0098354,95.70382245,101.4000865,89.04779035,73.22452305,87.75667195,120.0624585,76.02267143,70.33239688,56.23629727,89.12690092,45.46412597,75.98857835
"UH_S018",NA,97.01,94.12,31.57742781,53.28112021,50.50745169,67.35853783,9.41461254,50.67391213,59.2116075,69.82768931,58.0587951,114.3462683,89.47797785,116.0271279,83.72952296,107.8008406,106.2807344,101.2571238,105.2631066,71.51917591,89.87020539,131.4585,70.7809376,77.75828347,49.09544834,91.57529705,36.69144686,95.27647993
"UH_S020",103.42,101.28,94.46,24.22735671,56.42073966,48.64570815,59.10346233,9.71269031,45.67813167,59.68371211,70.50953085,71.35880967,120.0525024,90.49061893,115.9718759,80.15167771,123.7993399,108.0729827,97.99474132,89.63929962,67.16833773,96.94391748,115.7709364,89.25585945,82.68679714,46.57749831,96.79248411,46.43194035,100.2803111
"UH_S025",97.16,97.74,90.49,25.84279269,43.84555344,40.33202641,57.54125591,16.71500513,36.76310108,45.5497549,53.38416681,49.7357944,96.3161006,73.2359322,95.08127047,71.23846154,97.34051346,92.95396804,101.9153178,87.5564182,66.47852985,73.56234039,97.25039993,70.05973047,74.16084227,52.06213719,82.48663298,32.81839236,88.93028914
"UH250",81.86,91.42,81.49,23.78863618,43.2564012,38.40100419,53.32469919,18.13916716,41.23526377,47.65769158,57.45511209,42.4936386,96.80222905,77.62317193,101.0719452,82.06196058,89.8806182,90.29083796,88.63593955,88.38043672,66.53843068,78.11084607,114.1593993,59.18588397,60.30748371,46.99523607,86.59872825,34.51343576,71.19806631
"UH304",95.32,101.88,84.4,16.27543137,37.5546333,37.55419275,52.80002157,14.74979619,36.39751005,45.97270891,63.42551778,57.81919236,112.847124,80.37745441,103.3331193,71.48461289,95.66753127,100.5261249,100.3206009,103.8956358,84.14419544,78.29254145,104.4315643,60.2630135,73.10611608,56.91000921,89.46863164,52.49991406,83.49340445
"VA26",90.79,102.99,88.39,7.02053073,24.83544813,39.99416047,58.75571824,8.18018847,20.62813464,57.58712701,63.22033843,65.72091471,106.6595423,77.94535854,102.6614302,71.77828964,106.9368187,116.6319543,110.9584997,102.950131,92.92943665,70.61531507,87.21623154,73.34915471,73.15783019,48.96011922,85.94115595,37.56773551,81.17860045
"W117",90.78,84.22,75.2,13.53045056,20.52064734,24.1358478,63.03924717,3.80213676,30.28892878,52.73448889,54.32925938,58.76730642,94.47110112,61.21240501,84.37780007,71.20908367,88.22170127,86.80481951,100.1242917,77.85921968,77.14989803,66.78117088,98.16522477,50.20956296,58.14843688,27.62413564,69.540502,20.92626542,77.68654819
"W153R",NA,NA,NA,6.52512521,23.30048922,44.50494352,62.76224077,5.75878716,33.90341261,45.29802319,49.41339007,71.21965321,100.7680064,74.81849672,112.4245776,79.44546675,111.0619099,80.17519825,91.35832378,82.26914702,57.56571309,82.46695848,119.902376,77.93271714,79.85304269,32.9065108,78.31066464,41.17448075,77.80845417
"W182E",85.63,87.48,81.45,17.61792017,30.95238704,34.25047375,53.93882963,4.15030777,23.1171404,40.70679709,60.01456821,47.76710344,92.7070415,68.52568604,75.33170358,56.397372,79.54564968,87.00627201,82.29760888,77.01561119,65.84402295,65.82496843,84.45169689,49.20323732,58.09629615,38.13816529,79.84994704,28.59505774,65.52254835
"W23",67.05,79.84,76.32,9.24427663,16.61743245,30.16337028,38.28815392,8.86026398,29.09077052,51.21831924,64.3162554,54.24929036,93.40878302,72.0879838,80.54009471,53.78191266,74.4075665,84.91742735,73.5943201,84.08622473,60.09343991,60.69636327,82.27758741,50.15432506,55.17966561,24.37210695,73.70132297,28.65114543,64.87269474
"W602S",73.31,89.22,89.94,24.15780103,50.001371,38.95272142,46.42542238,11.08504495,33.09231113,47.33666395,59.00173191,54.97868795,100.2214473,70.67120636,94.06908207,79.3134434,98.55302169,97.55247747,91.31432853,74.44885903,52.65773661,81.22378587,113.8042478,65.59641215,67.28474766,45.13944964,80.90086761,34.68558302,62.62998196
"W604S",80.27,89.62,52.25,14.53823075,45.36388759,41.0311582,54.18136967,11.73352238,43.20141342,44.79825638,59.85395267,47.71057312,105.4083144,72.52987318,108.3680548,68.57437129,107.7002246,90.3576289,91.6181053,97.04093588,75.34901165,73.75458927,102.1892016,61.46491082,73.6151639,44.79336525,90.98916539,32.99465138,81.62359766
"W64A",89.99,78.83,70.57,13.87300441,22.28296991,36.08652743,45.96217582,8.14618018,29.88818982,55.40503174,72.7631869,57.41010671,103.5536712,68.94623666,93.51949291,51.50201459,72.31115171,82.2548851,91.59202451,86.95027268,81.20287659,74.48361412,97.26134297,56.80366645,79.95492938,42.07876665,79.11618976,27.16118763,57.36341972
"W9",71.22,76.34,64.66,17.44813519,25.98511444,26.1430989,41.82847414,3.99144811,22.68383161,54.27136726,57.90396892,45.69048801,87.97441277,58.80548036,83.26042144,63.614368,74.37691606,78.78966975,78.38624788,67.94282556,60.23192424,70.69866331,87.463029,39.38679125,39.43514067,40.65345041,68.92841911,18.63541435,55.06640599
"W95115",79.55,88.69,77.17,10.5956821,25.24476368,32.94727134,34.10318013,4.34361475,24.5499675,52.96216259,61.4993037,51.8161479,105.6831381,76.36978294,86.74715711,63.7003851,94.15994241,86.74911283,97.72863947,79.94363969,65.96597641,67.7158314,72.78773584,48.69919087,45.55417814,35.9431187,48.92198624,30.08257762,71.85547421
"WF9",102.39,72.5,75.54,14.9891751,24.63993991,34.50338436,49.70651126,5.31240728,21.09541188,54.73888831,57.76250833,59.15584964,109.7135272,65.05005719,85.74653536,55.62198134,87.89329924,94.50839316,86.01887441,95.96425263,68.10312252,70.67305337,97.85393309,64.92852412,75.58632797,35.94540294,84.27479718,32.4757302,70.72119919
